D1,D2,D3,D4,D5,D6,D7,D8,D9,D10,D11,D12,D13,D14,ModelName,NAME_Num,NAME_Part,Kind,CHIP_L,CHIP_W,CHIP_T,VOLUME,NOZZLE_A,NOZZLE_B,NOZZLE_C,NOZZLE_D,NOZZLE_E,X,Y,A,DISTANCE,TapeWidth,TapePitch,SupplyType_num,SupplyKind_num,TapeKind_num,PartCount,TURN,TS,MS,NP,HEAD,NOZZLE,NOZZLE_Slot,PU,SIDE,Mounter_Order,TACT
20,60,1,3,1,1,1,3,1,2,0,1,0,0,3,2328,EBC63855601,1,1,0.5,0.35,0.175,230,0,0,0,0,-41.8,149.65,180,155.378127482603,8,2,1,1,4,10000,6,1,1,6,4,230,426,40020,1,1,14.890
20,60,1,3,1,1,1,3,1,2,0,1,0,0,3,2205,EBC62528409,1,1,0.5,0.35,0.175,230,0,0,0,0,-17.95,73.4,-90,75.5629704286432,8,2,1,1,4,10000,1,4,15,14,2,230,216,20016,1,2,15.211
20,60,1,3,1,1,1,3,1,2,0,1,0,0,3,2445,EBC64038503,1,1,0.5,0.35,0.175,230,0,0,0,0,-93.5,50,-90,106.029477033512,8,2,1,1,4,10000,4,2,7,9,3,230,311,30017,2,3,15.969
20,60,1,3,1,1,1,3,1,2,0,1,0,0,3,2205,EBC62528409,1,1,0.5,0.35,0.175,230,0,0,0,0,-17.95,71.4,-90,73.6217528995337,8,2,1,1,4,10000,1,5,16,15,2,230,217,20016,1,4,15.211
20,60,1,3,1,1,1,3,1,2,0,1,0,0,3,2210,EBC62528423,1,1,0.5,0.35,0.175,230,0,0,0,0,-17.7,36.35,-90,40.4303413292542,8,2,1,1,4,10000,5,3,1,12,3,230,314,30022,2,5,15.969
20,60,1,3,1,1,1,3,1,2,0,1,0,0,3,2213,EBC62528429,1,1,0.5,0.35,0.175,230,0,0,0,0,-120.2,166.55,180,205.394601925172,8,2,1,1,4,10000,1,10,12,14,4,230,416,40012,2,6,14.890
20,60,1,3,1,1,1,3,1,2,0,1,0,0,3,240,0RJ0222C678,1,1,0.5,0.35,0.175,230,0,0,0,0,-113.1,164.35,-90,199.505720469364,8,2,1,1,4,10000,1,9,13,15,4,230,417,40013,2,7,14.890
20,60,1,3,1,1,1,3,1,2,0,1,0,0,3,240,0RJ0222C678,1,1,0.5,0.35,0.175,230,0,0,0,0,-114.1,164.35,-90,200.074317442294,8,2,1,1,4,10000,2,5,8,15,4,230,417,40013,2,8,14.890
20,60,1,3,1,1,1,3,1,2,0,1,0,0,3,240,0RJ0222C678,1,1,0.5,0.35,0.175,230,0,0,0,0,-111.1,164.35,-90,198.378760203808,8,2,1,1,4,10000,3,6,5,7,4,230,427,40013,2,9,14.890
20,60,1,3,1,1,1,3,1,2,0,1,0,0,3,240,0RJ0222C678,1,1,0.5,0.35,0.175,230,0,0,0,0,-118.7,159.85,-90,199.102266436121,8,2,1,1,4,10000,2,2,4,7,4,230,427,40013,2,10,14.890
20,60,1,3,1,1,1,3,1,2,0,1,0,0,3,240,0RJ0222C678,1,1,0.5,0.35,0.175,230,0,0,0,0,-119.1,164.75,180,203.291348807567,8,2,1,1,4,10000,1,4,2,11,4,230,413,40013,2,11,14.890
20,60,1,3,1,1,1,3,1,2,0,1,0,0,3,240,0RJ0222C678,1,1,0.5,0.35,0.175,230,0,0,0,0,-116.6,164.35,-90,201.510502207701,8,2,1,1,4,10000,1,10,14,16,4,230,418,40013,2,12,14.890
20,60,1,3,1,1,1,3,1,2,0,1,0,0,3,240,0RJ0222C678,1,1,0.5,0.35,0.175,230,0,0,0,0,-117.7,159.85,-90,198.507713955906,8,2,1,1,4,10000,3,5,6,8,4,230,428,40013,2,13,14.890
20,60,1,3,1,1,1,3,1,2,0,1,0,0,3,325,0RJ4703C478,1,1,0.5,0.35,0.175,230,0,0,0,0,-32.1,158.55,180,161.766846108837,8,2,1,1,4,10000,5,2,9,10,4,230,412,40014,1,14,14.890
20,60,1,3,1,1,1,3,1,2,0,1,0,0,3,240,0RJ0222C678,1,1,0.5,0.35,0.175,230,0,0,0,0,-120.6,165.15,-90,204.496656451884,8,2,1,1,4,10000,2,1,6,8,4,230,428,40013,2,15,14.890
20,60,1,3,1,1,1,3,1,2,0,1,0,0,3,336,0RJ5601C478,1,1,0.5,0.35,0.175,230,0,0,0,0,-80.8,139.85,180,161.513660412982,8,2,1,1,4,10000,3,3,9,13,2,230,215,20013,2,16,15.211
20,60,1,3,1,1,1,3,1,2,0,1,0,0,3,325,0RJ4703C478,1,1,0.5,0.35,0.175,230,0,0,0,0,-32.1,154.15,180,157.456763906794,8,2,1,1,4,10000,5,1,12,2,4,230,422,40014,1,17,14.890
20,60,1,3,1,1,1,3,1,2,0,1,0,0,3,336,0RJ5601C478,1,1,0.5,0.35,0.175,230,0,0,0,0,-80.8,138.85,180,160.648568309836,8,2,1,1,4,10000,1,1,11,3,2,230,223,20013,2,18,15.211
20,60,1,3,1,1,1,3,1,2,0,1,0,0,3,240,0RJ0222C678,1,1,0.5,0.35,0.175,230,0,0,0,0,-104.1,163.95,-90,194.20713812834,8,2,1,1,4,10000,3,8,7,16,4,230,418,40013,2,19,14.890
20,60,1,3,1,1,1,3,1,2,0,1,0,0,3,240,0RJ0222C678,1,1,0.5,0.35,0.175,230,0,0,0,0,-103.1,163.95,-90,193.672952422376,8,2,1,1,4,10000,1,8,16,7,4,230,427,40013,2,20,14.890
20,60,1,3,1,1,1,3,1,2,0,1,0,0,3,336,0RJ5601C478,1,1,0.5,0.35,0.175,230,0,0,0,0,-80.8,135.85,180,158.06284351485,8,2,1,1,4,10000,2,1,2,5,2,230,225,20013,2,21,15.211
20,60,1,3,1,1,1,3,1,2,0,1,0,0,3,336,0RJ5601C478,1,1,0.5,0.35,0.175,230,0,0,0,0,-80.8,140.85,180,162.380302068939,8,2,1,1,4,10000,2,2,1,13,2,230,215,20013,2,22,15.211
20,60,1,3,1,1,1,3,1,2,0,1,0,0,3,336,0RJ5601C478,1,1,0.5,0.35,0.175,230,0,0,0,0,-80.8,137.85,180,159.785050927801,8,2,1,1,4,10000,1,4,13,9,2,230,211,20013,2,23,15.211
20,60,1,3,1,1,1,3,1,2,0,1,0,0,3,336,0RJ5601C478,1,1,0.5,0.35,0.175,230,0,0,0,0,-80.8,136.85,180,158.923133935875,8,2,1,1,4,10000,3,2,10,12,2,230,214,20013,2,24,15.211
20,60,1,3,1,1,1,3,1,2,0,1,0,0,3,235,0RJ0000C678,1,1,0.5,0.35,0.175,230,0,0,0,0,-86.8,155.35,180,177.9546641704,8,2,1,1,4,10000,4,5,3,5,1,230,125,10023,2,25,15.956
20,60,1,3,1,1,1,3,1,2,0,1,0,0,3,235,0RJ0000C678,1,1,0.5,0.35,0.175,230,0,0,0,0,-86.8,153.35,180,176.211414215992,8,2,1,1,4,10000,4,2,6,15,1,230,117,10023,2,26,15.956
20,60,1,3,1,1,1,3,1,2,0,1,0,0,3,235,0RJ0000C678,1,1,0.5,0.35,0.175,230,0,0,0,0,-86.8,154.35,180,177.082360781643,8,2,1,1,4,10000,4,7,10,11,1,230,113,10023,2,27,15.956
20,60,1,3,1,1,1,3,1,2,0,1,0,0,3,321,0RJ4701C478,1,0.97,0.49,0.35,0.166355,230,0,0,0,0,-83.3,164.05,-90,183.987207435735,8,2,1,1,4,10000,1,8,16,8,6,230,628,60027,1,28,15.966
20,60,1,3,1,1,1,3,1,2,0,1,0,0,3,2204,EBC62528408,1,1,0.5,0.35,0.175,230,0,0,0,0,-85.3,153.25,-90,175.390001140316,8,2,1,1,4,10000,4,3,8,8,1,230,128,10024,1,29,15.956
20,60,1,3,1,1,1,3,1,2,0,1,0,0,3,2204,EBC62528408,1,1,0.5,0.35,0.175,230,0,0,0,0,-84.3,153.25,-90,174.905838953421,8,2,1,1,4,10000,4,1,9,14,1,230,116,10024,1,30,15.956
20,60,1,3,1,1,1,3,1,2,0,1,0,0,3,2204,EBC62528408,1,1,0.5,0.35,0.175,230,0,0,0,0,-77.3,169.15,-90,185.975838484466,8,2,1,1,4,10000,3,2,3,15,2,230,217,20015,1,31,15.211
20,60,1,3,1,1,1,3,1,2,0,1,0,0,3,2204,EBC62528408,1,1,0.5,0.35,0.175,230,0,0,0,0,-77.5,155.45,180,173.697877073958,8,2,1,1,4,10000,3,6,8,14,1,230,116,10024,1,32,15.956
20,60,1,3,1,1,1,3,1,2,0,1,0,0,3,235,0RJ0000C678,1,1,0.5,0.35,0.175,230,0,0,0,0,-76.7,161.25,180,178.562181046267,8,2,1,1,4,10000,4,3,5,7,1,230,127,10023,2,33,15.956
20,60,1,3,1,1,1,3,1,2,0,1,0,0,3,240,0RJ0222C678,1,1,0.5,0.35,0.175,230,0,0,0,0,-139.8,83.95,-90,163.069440730015,8,2,1,1,4,10000,6,3,8,5,6,230,625,60020,2,34,15.966
20,60,1,3,1,1,1,3,1,2,0,1,0,0,3,235,0RJ0000C678,1,1,0.5,0.35,0.175,230,0,0,0,0,-120.6,86.95,-90,148.67636833068,8,2,1,1,4,10000,1,7,3,1,1,230,121,10023,2,35,15.956
20,60,1,3,1,1,1,3,1,2,0,1,0,0,3,235,0RJ0000C678,1,1,0.5,0.35,0.175,230,0,0,0,0,-119,86.95,-90,147.38148628644,8,2,1,1,4,10000,1,5,5,11,1,230,113,10023,2,36,15.956
20,60,1,3,1,1,1,3,1,2,0,1,0,0,3,240,0RJ0222C678,1,1,0.5,0.35,0.175,230,0,0,0,0,-134.7,79.85,-90,156.588992269572,8,2,1,1,4,10000,6,1,11,8,6,230,628,60020,2,37,15.966
20,60,1,3,1,1,1,3,1,2,0,1,0,0,3,240,0RJ0222C678,1,1,0.5,0.35,0.175,230,0,0,0,0,-136.7,79.85,-90,158.312704796551,8,2,1,1,4,10000,6,4,9,6,6,230,626,60020,2,38,15.966
20,60,1,3,1,1,1,3,1,2,0,1,0,0,3,240,0RJ0222C678,1,1,0.5,0.35,0.175,230,0,0,0,0,-135.7,79.85,-90,157.45003175611,8,2,1,1,4,10000,6,2,10,7,6,230,627,60020,2,39,15.966
20,60,1,3,1,1,1,3,1,2,0,1,0,0,3,2213,EBC62528429,1,1,0.5,0.35,0.175,230,0,0,0,0,-110.4,142.55,-90,180.301587624735,8,2,1,1,4,10000,2,1,12,6,4,230,426,40012,2,40,14.890
20,60,1,3,1,1,1,3,1,2,0,1,0,0,3,240,0RJ0222C678,1,1,0.5,0.35,0.175,230,0,0,0,0,-109.4,142.55,-90,179.691019530749,8,2,1,1,4,10000,1,7,3,1,6,230,621,60020,2,41,15.966
20,60,1,3,1,1,1,3,1,2,0,1,0,0,3,240,0RJ0222C678,1,1,0.5,0.35,0.175,230,0,0,0,0,-136,136.75,-90,192.864103710359,8,2,1,1,4,10000,3,5,13,16,6,230,618,60020,2,42,15.966
20,60,1,3,1,1,1,3,1,2,0,1,0,0,3,240,0RJ0222C678,1,1,0.5,0.35,0.175,230,0,0,0,0,-111.05,136.65,180,176.083289951091,8,2,1,1,4,10000,4,3,6,7,6,230,627,60020,2,43,15.966
20,60,1,3,1,1,1,3,1,2,0,1,0,0,3,258,0RJ1001E478,1,1,0.5,0.35,0.175,230,0,0,0,0,-111.2,134.65,180,174.631218572167,8,2,1,1,4,10000,1,2,9,7,2,230,227,20017,1,44,15.211
20,60,1,3,1,1,1,3,1,2,0,1,0,0,3,261,0RJ1003C478,1,1,0.5,0.35,0.175,230,0,0,0,0,-136.5,132.75,180,190.406965471329,8,2,1,1,4,10000,4,2,5,15,2,230,217,20013,1,45,15.211
20,60,1,3,1,1,1,3,1,2,0,1,0,0,3,2212,EBC62528428,1,1,0.5,0.35,0.175,230,0,0,0,0,-106.1,136.85,-90,173.162156662476,8,2,1,1,4,10000,4,2,3,14,2,230,216,20012,2,46,15.211
20,60,1,3,1,1,1,3,1,2,0,1,0,0,3,240,0RJ0222C678,1,1,0.5,0.35,0.175,230,0,0,0,0,-105.7,140.95,180,176.180000283801,8,2,1,1,4,10000,2,1,6,8,6,230,628,60020,2,47,15.966
20,60,1,3,1,1,1,3,1,2,0,1,0,0,3,259,0RJ1002C478,1,1,0.5,0.35,0.175,230,0,0,0,0,-136.5,127.85,180,187.023721757428,8,2,1,1,4,10000,6,2,6,13,2,230,215,20012,1,48,15.211
20,60,1,3,1,1,1,3,1,2,0,1,0,0,3,240,0RJ0222C678,1,1,0.5,0.35,0.175,230,0,0,0,0,-135,144.65,-90,197.860108409957,8,2,1,1,4,10000,1,3,8,12,4,230,414,40013,2,49,14.890
20,60,1,3,1,1,1,3,1,2,0,1,0,0,3,259,0RJ1002C478,1,1,0.5,0.35,0.175,230,0,0,0,0,-136.5,126.85,180,186.341547970387,8,2,1,1,4,10000,5,1,8,5,2,230,225,20012,1,50,15.211
20,60,1,3,1,1,1,3,1,2,0,1,0,0,3,2207,EBC62528412,1,1,0.5,0.35,0.175,230,0,0,0,0,-94.05,81.9,180,124.711717572969,8,2,1,1,4,10000,5,1,6,1,1,230,121,10021,1,51,15.956
20,60,1,3,1,1,1,3,1,2,0,1,0,0,3,259,0RJ1002C478,1,1,0.5,0.35,0.175,230,0,0,0,0,-133,130.45,-90,186.29600774037,8,2,1,1,4,10000,5,2,9,13,2,230,215,20012,1,52,15.211
20,60,1,3,1,1,1,3,1,2,0,1,0,0,3,2212,EBC62528428,1,1,0.5,0.35,0.175,230,0,0,0,0,-113.1,134.15,-90,175.464618940686,8,2,1,1,4,10000,5,1,5,6,2,230,226,20012,2,53,15.211
20,60,1,3,1,1,1,3,1,2,0,1,0,0,3,240,0RJ0222C678,1,1,0.5,0.35,0.175,230,0,0,0,0,-135.7,142.75,-90,196.956981343643,8,2,1,1,4,10000,4,5,12,16,6,230,618,60020,2,54,15.966
20,60,1,3,1,1,1,3,1,2,0,1,0,0,3,240,0RJ0222C678,1,1,0.5,0.35,0.175,230,0,0,0,0,-131.8,138.85,-90,191.443366299279,8,2,1,1,4,10000,1,4,9,14,6,230,616,60020,2,55,15.966
20,60,1,3,1,1,1,3,1,2,0,1,0,0,3,2213,EBC62528429,1,1,0.5,0.35,0.175,230,0,0,0,0,-125,146.45,-90,192.542469341182,8,2,1,1,4,10000,1,9,11,13,4,230,415,40012,2,56,14.890
20,60,1,3,1,1,1,3,1,2,0,1,0,0,3,2213,EBC62528429,1,1,0.5,0.35,0.175,230,0,0,0,0,-121,144.05,180,188.126028236393,8,2,1,1,4,10000,1,6,6,2,4,230,422,40012,2,57,14.890
20,60,1,3,1,1,1,3,1,2,0,1,0,0,3,240,0RJ0222C678,1,1,0.5,0.35,0.175,230,0,0,0,0,-125.5,142.05,-90,189.548021619852,8,2,1,1,4,10000,3,4,5,8,6,230,628,60020,2,58,15.966
20,60,1,3,1,1,1,3,1,2,0,1,0,0,3,258,0RJ1001E478,1,1,0.5,0.35,0.175,230,0,0,0,0,-134.1,104.85,180,170.224359302657,8,2,1,1,4,10000,1,4,14,16,2,230,218,20017,1,59,15.211
20,60,1,3,1,1,1,3,1,2,0,1,0,0,3,2268,EBC62975833,1,1,0.5,0.35,0.175,230,0,0,0,0,-58.7,91.45,180,108.668268137483,8,2,1,1,4,10000,6,2,11,11,4,230,413,40022,2,60,14.890
20,60,1,3,1,1,1,3,1,2,0,1,0,0,3,350,0RJ8202C478,1,0.97,0.49,0.35,0.166355,230,0,0,0,0,-58.7,90.45,180,107.828069165686,8,2,1,1,4,10000,6,1,7,5,4,230,425,40019,2,61,14.890
20,60,1,3,1,1,1,3,1,2,0,1,0,0,3,2213,EBC62528429,1,1,0.5,0.35,0.175,230,0,0,0,0,-136.7,104.85,180,172.28004092175,8,2,1,1,4,10000,3,5,11,6,4,230,426,40012,2,62,14.890
20,60,1,3,1,1,1,3,1,2,0,1,0,0,3,276,0RJ1502C678,1,0.97,0.5,0.35,0.16975,230,0,0,0,0,-77.6,24.55,180,81.3908010772716,8,2,1,1,4,10000,4,2,1,14,3,230,316,30020,1,63,15.969
20,60,1,3,1,1,1,3,1,2,0,1,0,0,3,259,0RJ1002C478,1,1,0.5,0.35,0.175,230,0,0,0,0,-58.7,92.45,180,109.511152400109,8,2,1,1,4,10000,3,1,14,2,2,230,222,20012,1,64,15.211
20,60,1,3,1,1,1,3,1,2,0,1,0,0,3,259,0RJ1002C478,1,1,0.5,0.35,0.175,230,0,0,0,0,-81.6,19.55,-90,83.9092515757351,8,2,1,1,4,10000,6,1,11,5,2,230,225,20012,1,65,15.211
20,60,1,3,1,1,1,3,1,2,0,1,0,0,3,240,0RJ0222C678,1,1,0.5,0.35,0.175,230,0,0,0,0,-87.4,82.25,-90,120.015926026507,8,2,1,1,4,10000,5,3,7,1,6,230,621,60020,2,66,15.966
20,60,1,3,1,1,1,3,1,2,0,1,0,0,3,240,0RJ0222C678,1,1,0.5,0.35,0.175,230,0,0,0,0,-88.4,82.25,-90,120.746107597719,8,2,1,1,4,10000,5,2,8,12,6,230,614,60020,2,67,15.966
20,60,1,3,1,1,1,3,1,2,0,1,0,0,3,240,0RJ0222C678,1,1,0.5,0.35,0.175,230,0,0,0,0,-130,146.75,180,196.049897985181,8,2,1,1,4,10000,1,6,3,4,4,230,424,40013,2,68,14.890
20,60,1,3,1,1,1,3,1,2,0,1,0,0,3,240,0RJ0222C678,1,1,0.5,0.35,0.175,230,0,0,0,0,-130,145.25,180,194.929634740334,8,2,1,1,4,10000,1,5,5,3,4,230,423,40013,2,69,14.890
20,60,1,3,1,1,1,3,1,2,0,1,0,0,3,240,0RJ0222C678,1,1,0.5,0.35,0.175,230,0,0,0,0,-116.7,141.75,-90,183.608149328945,8,2,1,1,4,10000,3,8,16,13,6,230,615,60020,2,70,15.966
20,60,1,3,1,1,1,3,1,2,0,1,0,0,3,240,0RJ0222C678,1,1,0.5,0.35,0.175,230,0,0,0,0,-125,140.25,-90,187.869801990634,8,2,1,1,4,10000,1,5,8,13,6,230,615,60020,2,71,15.966
20,60,1,3,1,1,1,3,1,2,0,1,0,0,3,2204,EBC62528408,1,1,0.5,0.35,0.175,230,0,0,0,0,-91.6,158.85,180,183.368161085833,8,2,1,1,4,10000,1,5,14,12,1,230,114,10024,1,72,15.956
20,60,1,3,1,1,1,3,1,2,0,1,0,0,3,2461,EBC64038519,1,1,0.5,0.35,0.175,230,0,0,0,0,-111.2,133.65,180,173.861331238433,8,2,1,1,4,10000,4,2,16,10,3,230,312,30018,1,73,15.969
20,60,1,3,1,1,1,3,1,2,0,1,0,0,3,240,0RJ0222C678,1,1,0.5,0.35,0.175,230,0,0,0,0,-135.4,131.25,-90,188.572857272726,8,2,1,1,4,10000,1,3,10,15,6,230,617,60020,2,74,15.966
20,60,1,3,1,1,1,3,1,2,0,1,0,0,3,2204,EBC62528408,1,1,0.5,0.35,0.175,230,0,0,0,0,-136.1,134.25,-90,191.170794055996,8,2,1,1,4,10000,1,8,10,10,1,230,112,10024,1,75,15.956
20,60,1,3,1,1,1,3,1,2,0,1,0,0,3,240,0RJ0222C678,1,1,0.5,0.35,0.175,230,0,0,0,0,-111.2,132.35,180,172.86400001157,8,2,1,1,4,10000,2,2,14,16,6,230,618,60020,2,76,15.966
20,60,1,3,1,1,1,3,1,2,0,1,0,0,3,240,0RJ0222C678,1,1,0.5,0.35,0.175,230,0,0,0,0,-112.8,125.55,-90,168.779864024119,8,2,1,1,4,10000,4,6,13,15,6,230,617,60020,2,77,15.966
20,60,1,3,1,1,1,3,1,2,0,1,0,0,3,240,0RJ0222C678,1,1,0.5,0.35,0.175,230,0,0,0,0,-108.7,132.75,-90,171.575792290171,8,2,1,1,4,10000,3,2,11,6,6,230,626,60020,2,78,15.966
20,60,1,3,1,1,1,3,1,2,0,1,0,0,3,2213,EBC62528429,1,1,0.5,0.35,0.175,230,0,0,0,0,-111.5,121.35,180,164.797064597644,8,2,1,1,4,10000,2,2,14,5,4,230,425,40012,2,79,14.890
20,60,1,3,1,1,1,3,1,2,0,1,0,0,3,240,0RJ0222C678,1,1,0.5,0.35,0.175,230,0,0,0,0,-101.4,160.05,180,189.467576381818,8,2,1,1,4,10000,1,7,15,8,4,230,428,40013,2,80,14.890
20,60,1,3,1,1,1,3,1,2,0,1,0,0,3,240,0RJ0222C678,1,1,0.5,0.35,0.175,230,0,0,0,0,-119.4,141.95,-90,185.48898215258,8,2,1,1,4,10000,1,6,1,2,6,230,622,60020,2,81,15.966
20,60,1,3,1,1,1,3,1,2,0,1,0,0,3,240,0RJ0222C678,1,1,0.5,0.35,0.175,230,0,0,0,0,-118.4,141.95,-90,184.84686229417,8,2,1,1,4,10000,3,6,12,15,6,230,617,60020,2,82,15.966
20,60,1,3,1,1,1,3,1,2,0,1,0,0,3,2213,EBC62528429,1,1,0.5,0.35,0.175,230,0,0,0,0,-138.8,47.55,180,146.718923455702,8,2,1,1,4,10000,3,6,12,5,4,230,425,40012,2,83,14.890
20,60,1,3,1,1,1,3,1,2,0,1,0,0,3,2240,EBC62528496,1,1,0.5,0.35,0.175,230,0,0,0,0,-141.6,51.25,-90,150.589250944415,8,2,1,1,4,10000,4,1,3,1,3,230,321,30017,1,84,15.969
20,60,1,3,1,1,1,3,1,2,0,1,0,0,3,240,0RJ0222C678,1,1,0.5,0.35,0.175,230,0,0,0,0,-101.4,161.05,180,190.313064449081,8,2,1,1,4,10000,1,1,4,9,4,230,411,40013,2,85,14.890
20,60,1,3,1,1,1,3,1,2,0,1,0,0,3,240,0RJ0222C678,1,1,0.5,0.35,0.175,230,0,0,0,0,-119.4,139.75,-90,183.810833467454,8,2,1,1,4,10000,4,4,9,8,6,230,628,60020,2,86,15.966
20,60,1,3,1,1,1,3,1,2,0,1,0,0,3,240,0RJ0222C678,1,1,0.5,0.35,0.175,230,0,0,0,0,-118.4,139.75,-90,183.162830563409,8,2,1,1,4,10000,3,7,14,14,6,230,616,60020,2,87,15.966
20,60,1,3,1,1,1,3,1,2,0,1,0,0,3,240,0RJ0222C678,1,1,0.5,0.35,0.175,230,0,0,0,0,-86.8,89.05,-90,124.35490541189,8,2,1,1,4,10000,6,7,12,12,6,230,614,60020,2,88,15.966
20,60,1,3,1,1,1,3,1,2,0,1,0,0,3,258,0RJ1001E478,1,1,0.5,0.35,0.175,230,0,0,0,0,-118.75,119.75,-90,168.64644971063,8,2,1,1,4,10000,1,3,10,8,2,230,228,20017,1,89,15.211
20,60,1,3,1,1,1,3,1,2,0,1,0,0,3,2457,EBC64038515,1,1,0.5,0.35,0.175,230,0,0,0,0,-136.5,125.85,180,185.662253837445,8,2,1,1,4,10000,5,2,12,3,3,230,323,30022,1,90,15.969
20,60,1,3,1,1,1,3,1,2,0,1,0,0,3,235,0RJ0000C678,1,1,0.5,0.35,0.175,230,0,0,0,0,-137.4,83.95,-90,161.016652865472,8,2,1,1,4,10000,1,8,4,9,1,230,111,10023,2,91,15.956
20,60,1,3,1,1,1,3,1,2,0,1,0,0,3,2191,EBC62015918,1,1,0.5,0.35,0.175,230,0,0,0,0,-95.6,84.75,180,127.757279636035,8,2,1,1,4,10000,1,2,14,7,3,230,327,30016,2,92,15.969
20,60,1,3,1,1,1,3,1,2,0,1,0,0,3,240,0RJ0222C678,1,1,0.5,0.35,0.175,230,0,0,0,0,-85.8,89.05,-90,123.658976625233,8,2,1,1,4,10000,5,1,9,13,6,230,615,60020,2,93,15.966
20,60,1,3,1,1,1,3,1,2,0,1,0,0,3,346,0RJ8200C678,1,1,0.5,0.35,0.175,230,0,0,0,0,-95.6,83.75,180,127.096115204203,8,2,1,1,4,10000,5,3,10,8,6,230,628,60024,1,94,15.966
20,60,1,3,1,1,1,3,1,2,0,1,0,0,3,283,0RJ2000C678,1,1,0.5,0.35,0.175,230,0,0,0,0,-95.6,86.75,180,129.092689568387,8,2,1,1,4,10000,3,1,15,7,2,230,227,20014,2,95,15.211
20,60,1,3,1,1,1,3,1,2,0,1,0,0,3,2212,EBC62528428,1,1,0.5,0.35,0.175,230,0,0,0,0,-100.2,89.65,-90,134.451338780988,8,2,1,1,4,10000,5,2,12,14,2,230,216,20012,2,96,15.211
20,60,1,3,1,1,1,3,1,2,0,1,0,0,3,2212,EBC62528428,1,1,0.5,0.35,0.175,230,0,0,0,0,-95.6,85.75,180,128.422827020744,8,2,1,1,4,10000,4,1,9,6,2,230,226,20012,2,97,15.211
20,60,1,3,1,1,1,3,1,2,0,1,0,0,3,2204,EBC62528408,1,1,0.5,0.35,0.175,230,0,0,0,0,-121.9,168.55,-90,208.01132781654,8,2,1,1,4,10000,2,2,4,16,2,230,218,20015,1,98,15.211
20,60,1,3,1,1,1,3,1,2,0,1,0,0,3,2207,EBC62528412,1,1,0.5,0.35,0.175,230,0,0,0,0,-137.2,147.25,180,201.262024485495,8,2,1,1,4,10000,5,2,14,2,1,230,122,10021,1,99,15.956
20,60,1,3,1,1,1,3,1,2,0,1,0,0,3,2204,EBC62528408,1,1,0.5,0.35,0.175,230,0,0,0,0,-122.9,168.55,-90,208.598927370205,8,2,1,1,4,10000,2,1,6,8,2,230,228,20015,1,100,15.211
20,60,1,3,1,1,1,3,1,2,0,1,0,0,3,235,0RJ0000C678,1,1,0.5,0.35,0.175,230,0,0,0,0,-90.75,135.45,-90,163.04068510651,8,2,1,1,4,10000,5,2,15,7,1,230,127,10023,2,101,15.956
20,60,1,3,1,1,1,3,1,2,0,1,0,0,3,283,0RJ2000C678,1,1,0.5,0.35,0.175,230,0,0,0,0,-98.8,89.25,180,133.142789891154,8,2,1,1,4,10000,2,2,16,15,2,230,217,20014,2,102,15.211
20,60,1,3,1,1,1,3,1,2,0,1,0,0,3,245,0RJ0471C678,1,1,0.5,0.35,0.175,230,0,0,0,0,-94.1,109.05,180,144.037191377783,8,2,1,1,4,10000,5,3,15,16,3,230,318,30024,2,103,15.969
20,60,1,3,1,1,1,3,1,2,0,1,0,0,3,245,0RJ0471C678,1,1,0.5,0.35,0.175,230,0,0,0,0,-89.9,107.15,-90,139.868268381359,8,2,1,1,4,10000,1,3,11,16,3,230,318,30024,2,104,15.969
20,60,1,3,1,1,1,3,1,2,0,1,0,0,3,235,0RJ0000C678,1,1,0.5,0.35,0.175,230,0,0,0,0,-89.75,135.45,-90,162.486199413981,8,2,1,1,4,10000,6,1,6,5,1,230,125,10023,2,105,15.956
20,60,1,3,1,1,1,3,1,2,0,1,0,0,3,336,0RJ5601C478,1,1,0.5,0.35,0.175,230,0,0,0,0,-80.8,133.85,180,156.347249735964,8,2,1,1,4,10000,1,3,12,1,2,230,221,20013,2,106,15.211
20,60,1,3,1,1,1,3,1,2,0,1,0,0,3,235,0RJ0000C678,1,1,0.5,0.35,0.175,230,0,0,0,0,-91.75,135.45,-90,163.599404033144,8,2,1,1,4,10000,3,1,2,5,1,230,125,10023,2,107,15.956
20,60,1,3,1,1,1,3,1,2,0,1,0,0,3,235,0RJ0000C678,1,1,0.5,0.35,0.175,230,0,0,0,0,-89.25,150.2,-90,174.715776334022,8,2,1,1,4,10000,3,4,6,15,1,230,117,10023,2,108,15.956
20,60,1,3,1,1,1,3,1,2,0,1,0,0,3,240,0RJ0222C678,1,1,0.5,0.35,0.175,230,0,0,0,0,-122,164.35,-90,204.682491923467,8,2,1,1,4,10000,2,6,7,16,4,230,418,40013,2,109,14.890
20,60,1,3,1,1,1,3,1,2,0,1,0,0,3,259,0RJ1002C478,1,1,0.5,0.35,0.175,230,0,0,0,0,-103.2,57.95,-90,118.357266359104,8,2,1,1,4,10000,4,1,12,5,2,230,225,20012,1,110,15.211
20,60,1,3,1,1,1,3,1,2,0,1,0,0,3,235,0RJ0000C678,1,1,0.5,0.35,0.175,230,0,0,0,0,-81.3,128.85,180,152.354889977316,8,2,1,1,4,10000,2,1,16,15,1,230,117,10023,2,111,15.956
20,60,1,3,1,1,1,3,1,2,0,1,0,0,3,235,0RJ0000C678,1,1,0.5,0.35,0.175,230,0,0,0,0,-81.3,131.85,180,154.900330858265,8,2,1,1,4,10000,4,1,2,13,1,230,115,10023,2,112,15.956
20,60,1,3,1,1,1,3,1,2,0,1,0,0,3,245,0RJ0471C678,1,1,0.5,0.35,0.175,230,0,0,0,0,-69.8,148.35,-90,163.950487952918,8,2,1,1,4,10000,5,2,16,8,3,230,328,30024,2,113,15.969
20,60,1,3,1,1,1,3,1,2,0,1,0,0,3,235,0RJ0000C678,1,1,0.5,0.35,0.175,230,0,0,0,0,-81.3,129.85,180,153.201542094066,8,2,1,1,4,10000,2,3,12,5,1,230,125,10023,2,114,15.956
20,60,1,3,1,1,1,3,1,2,0,1,0,0,3,2541,EBC64038624,1,1,0.5,0.35,0.175,230,0,0,0,0,-67.2,148.95,-90,163.407290229047,8,2,1,1,4,10000,1,8,14,6,6,230,626,60026,1,115,15.966
20,60,1,3,1,1,1,3,1,2,0,1,0,0,3,235,0RJ0000C678,1,1,0.5,0.35,0.175,230,0,0,0,0,-81.3,130.85,180,154.050032456991,8,2,1,1,4,10000,1,2,8,7,1,230,127,10023,2,116,15.956
20,60,1,3,1,1,1,3,1,2,0,1,0,0,3,276,0RJ1502C678,1,0.97,0.5,0.35,0.16975,230,0,0,0,0,-79.05,49.25,-90,93.1368079762239,8,2,1,1,4,10000,4,1,2,7,3,230,327,30020,1,117,15.969
20,60,1,3,1,1,1,3,1,2,0,1,0,0,3,240,0RJ0222C678,1,1,0.5,0.35,0.175,230,0,0,0,0,-117.4,139.75,-90,182.518005961056,8,2,1,1,4,10000,3,3,9,7,6,230,627,60020,2,118,15.966
20,60,1,3,1,1,1,3,1,2,0,1,0,0,3,2210,EBC62528423,1,1,0.5,0.35,0.175,230,0,0,0,0,-57.6,102.05,-90,117.18345659691,8,2,1,1,4,10000,5,2,3,4,3,230,324,30022,2,119,15.969
20,60,1,3,1,1,1,3,1,2,0,1,0,0,3,2205,EBC62528409,1,1,0.5,0.35,0.175,230,0,0,0,0,-64,167.55,180,179.357192495868,8,2,1,1,4,10000,1,3,1,6,2,230,226,20016,1,120,15.211
20,60,1,3,1,1,1,3,1,2,0,1,0,0,3,306,0RJ3301C478,1,1,0.53,0.35,0.1855,230,0,0,0,0,-88.8,85.25,180,123.097532469177,8,2,1,1,4,10000,1,2,10,5,3,230,325,30015,2,121,15.969
20,60,1,3,1,1,1,3,1,2,0,1,0,0,3,284,0RJ2001C478,1,1,0.5,0.35,0.175,230,0,0,0,0,-87,85.25,180,121.80542886095,8,2,1,1,4,10000,4,2,10,16,3,230,318,30021,1,122,15.969
20,60,1,3,1,1,1,3,1,2,0,1,0,0,3,2212,EBC62528428,1,1,0.5,0.35,0.175,230,0,0,0,0,-60.7,168.15,-90,178.770558258344,8,2,1,1,4,10000,6,2,15,14,2,230,216,20012,2,123,15.211
20,60,1,3,1,1,1,3,1,2,0,1,0,0,3,2212,EBC62528428,1,1,0.5,0.35,0.175,230,0,0,0,0,-60.7,157.25,-90,168.558750885263,8,2,1,1,4,10000,6,1,16,6,2,230,226,20012,2,124,15.211
20,60,1,3,1,1,1,3,1,2,0,1,0,0,3,2212,EBC62528428,1,1,0.5,0.35,0.175,230,0,0,0,0,-64,168.55,180,180.291715006542,8,2,1,1,4,10000,2,1,7,3,2,230,223,20012,2,125,15.211
20,60,1,3,1,1,1,3,1,2,0,1,0,0,3,2205,EBC62528409,1,1,0.5,0.35,0.175,230,0,0,0,0,-64,156.65,180,169.219450714154,8,2,1,1,4,10000,1,2,2,5,2,230,225,20016,1,126,15.211
20,60,1,3,1,1,1,3,1,2,0,1,0,0,3,2212,EBC62528428,1,1,0.5,0.35,0.175,230,0,0,0,0,-64,157.65,180,170.1455920675,8,2,1,1,4,10000,2,2,3,11,2,230,213,20012,2,127,15.211
20,60,1,3,1,1,1,3,1,2,0,1,0,0,3,2452,EBC64038510,1,1,0.5,0.35,0.175,230,0,0,0,0,-75.3,155.15,-90,172.457567244815,8,2,1,1,4,10000,2,1,10,6,6,230,626,60019,2,128,15.966
20,60,1,3,1,1,1,3,1,2,0,1,0,0,3,2218,EBC62528447,1,1,0.5,0.35,0.175,230,0,0,0,0,-81.6,169.15,-90,187.803840482563,8,2,1,1,4,10000,4,2,6,10,4,230,412,40010,2,129,14.890
20,60,1,3,1,1,1,3,1,2,0,1,0,0,3,2204,EBC62528408,1,1,0.5,0.35,0.175,230,0,0,0,0,-74.4,169.45,180,185.063941652608,8,2,1,1,4,10000,3,1,1,8,2,230,228,20015,1,130,15.211
20,60,1,3,1,1,1,3,1,2,0,1,0,0,3,2204,EBC62528408,1,1,0.5,0.35,0.175,230,0,0,0,0,-83.3,153.25,-90,174.426065999322,8,2,1,1,4,10000,3,4,7,16,1,230,118,10024,1,131,15.956
20,60,1,3,1,1,1,3,1,2,0,1,0,0,3,2204,EBC62528408,1,1,0.5,0.35,0.175,230,0,0,0,0,-81.3,153.25,-90,173.479833121893,8,2,1,1,4,10000,1,4,13,14,1,230,116,10024,1,132,15.956
20,60,1,3,1,1,1,3,1,2,0,1,0,0,3,2204,EBC62528408,1,1,0.5,0.35,0.175,230,0,0,0,0,-74.4,152.75,180,169.905628217549,8,2,1,1,4,10000,1,2,11,8,1,230,128,10024,1,133,15.956
20,60,1,3,1,1,1,3,1,2,0,1,0,0,3,2230,EBC62528484,1,1,0.55,0.35,0.1925,230,0,0,0,0,-57.7,170.55,-90,180.046084378417,8,2,1,1,4,10000,2,2,3,10,6,230,612,60017,2,134,15.966
20,60,1,3,1,1,1,3,1,2,0,1,0,0,3,2212,EBC62528428,1,1,0.5,0.35,0.175,230,0,0,0,0,-59.7,168.15,-90,178.433496014622,8,2,1,1,4,10000,3,3,6,11,2,230,213,20012,2,135,15.211
20,60,1,3,1,1,1,3,1,2,0,1,0,0,3,2212,EBC62528428,1,1,0.5,0.35,0.175,230,0,0,0,0,-59.7,157.25,-90,168.201226214317,8,2,1,1,4,10000,3,1,5,3,2,230,223,20012,2,136,15.211
20,60,1,3,1,1,1,3,1,2,0,1,0,0,3,2204,EBC62528408,1,1,0.5,0.35,0.175,230,0,0,0,0,-74.4,168.45,180,184.148751013956,8,2,1,1,4,10000,3,3,2,16,2,230,218,20015,1,137,15.211
20,60,1,3,1,1,1,3,1,2,0,1,0,0,3,2207,EBC62528412,1,1,0.5,0.35,0.175,230,0,0,0,0,-97.6,171.75,180,197.544482332461,8,2,1,1,4,10000,3,3,11,2,1,230,122,10021,1,138,15.956
20,60,1,3,1,1,1,3,1,2,0,1,0,0,3,2230,EBC62528484,1,1,0.55,0.35,0.1925,230,0,0,0,0,-57.7,159.65,-90,169.756921802912,8,2,1,1,4,10000,2,1,1,2,6,230,622,60017,2,139,15.966
20,60,1,3,1,1,1,3,1,2,0,1,0,0,3,235,0RJ0000C678,1,1,0.5,0.35,0.175,230,0,0,0,0,-111.25,117.3,-90,161.665866836509,8,2,1,1,4,10000,1,6,7,3,1,230,123,10023,2,140,15.956
20,60,1,3,1,1,1,3,1,2,0,1,0,0,3,2207,EBC62528412,1,1,0.5,0.35,0.175,230,0,0,0,0,-89,153.35,180,177.30544971884,8,2,1,1,4,10000,5,5,8,9,1,230,111,10021,1,141,15.956
20,60,1,3,1,1,1,3,1,2,0,1,0,0,3,261,0RJ1003C478,1,1,0.5,0.35,0.175,230,0,0,0,0,-104.5,113.85,-90,154.538255781538,8,2,1,1,4,10000,2,1,14,4,2,230,224,20013,1,142,15.211
20,60,1,3,1,1,1,3,1,2,0,1,0,0,3,2204,EBC62528408,1,1,0.5,0.35,0.175,230,0,0,0,0,-82.3,153.25,-90,173.950718595814,8,2,1,1,4,10000,1,1,16,16,1,230,118,10024,1,143,15.956
20,60,1,3,1,1,1,3,1,2,0,1,0,0,3,2207,EBC62528412,1,1,0.5,0.35,0.175,230,0,0,0,0,-89,155.35,180,179.03804763234,8,2,1,1,4,10000,5,3,11,11,1,230,113,10021,1,144,15.956
20,60,1,3,1,1,1,3,1,2,0,1,0,0,3,235,0RJ0000C678,1,1,0.5,0.35,0.175,230,0,0,0,0,-100.2,113.85,-90,151.663649237383,8,2,1,1,4,10000,2,5,13,11,1,230,113,10023,2,145,15.956
20,60,1,3,1,1,1,3,1,2,0,1,0,0,3,2207,EBC62528412,1,1,0.5,0.35,0.175,230,0,0,0,0,-89,154.35,180,178.171048433801,8,2,1,1,4,10000,5,4,9,10,1,230,112,10021,1,146,15.956
20,60,1,3,1,1,1,3,1,2,0,1,0,0,3,261,0RJ1003C478,1,1,0.5,0.35,0.175,230,0,0,0,0,-103.5,113.85,-90,153.863811534747,8,2,1,1,4,10000,2,2,15,12,2,230,214,20013,1,147,15.211
20,60,1,3,1,1,1,3,1,2,0,1,0,0,3,240,0RJ0222C678,1,1,0.5,0.35,0.175,230,0,0,0,0,-80.8,134.85,180,157.204206368659,8,2,1,1,4,10000,4,1,8,5,6,230,625,60020,2,148,15.966
20,60,1,3,1,1,1,3,1,2,0,1,0,0,3,336,0RJ5601C478,1,1,0.5,0.35,0.175,230,0,0,0,0,-80.8,132.85,180,155.492001402001,8,2,1,1,4,10000,3,1,8,5,2,230,225,20013,2,149,15.211
20,60,1,3,1,1,1,3,1,2,0,1,0,0,3,235,0RJ0000C678,1,1,0.5,0.35,0.175,230,0,0,0,0,-88.75,112.7,-90,143.449825723143,8,2,1,1,4,10000,2,6,11,3,1,230,123,10023,2,150,15.956
20,60,1,3,1,1,1,3,1,2,0,1,0,0,3,235,0RJ0000C678,1,1,0.5,0.35,0.175,230,0,0,0,0,-89.75,112.7,-90,144.070651070924,8,2,1,1,4,10000,3,6,1,13,1,230,115,10023,2,151,15.956
20,60,1,3,1,1,1,3,1,2,0,1,0,0,3,2207,EBC62528412,1,1,0.5,0.35,0.175,230,0,0,0,0,-80.6,169.15,-90,187.371509307045,8,2,1,1,4,10000,3,2,16,1,1,230,121,10021,1,152,15.956
20,60,1,3,1,1,1,3,1,2,0,1,0,0,3,2218,EBC62528447,1,1,0.5,0.35,0.175,230,0,0,0,0,-78.6,169.15,-90,186.519925209078,8,2,1,1,4,10000,2,2,1,1,4,230,421,40010,2,153,14.890
20,60,1,3,1,1,1,3,1,2,0,1,0,0,3,2452,EBC64038510,1,1,0.5,0.35,0.175,230,0,0,0,0,-75.3,164.75,-90,181.14263026687,8,2,1,1,4,10000,5,2,5,10,6,230,612,60019,2,154,15.966
20,60,1,3,1,1,1,3,1,2,0,1,0,0,3,2452,EBC64038510,1,1,0.5,0.35,0.175,230,0,0,0,0,-75.3,166.55,-90,182.781269554624,8,2,1,1,4,10000,5,1,4,11,6,230,613,60019,2,155,15.966
20,60,1,3,1,1,1,3,1,2,0,1,0,0,3,2218,EBC62528447,1,1,0.5,0.35,0.175,230,0,0,0,0,-82.6,169.15,-90,188.240491127706,8,2,1,1,4,10000,2,1,2,2,4,230,422,40010,2,156,14.890
20,60,1,3,1,1,1,3,1,2,0,1,0,0,3,2452,EBC64038510,1,1,0.5,0.35,0.175,230,0,0,0,0,-75.3,156.95,-90,174.078696284181,8,2,1,1,4,10000,2,2,13,14,6,230,616,60019,2,157,15.966
20,60,1,3,1,1,1,3,1,2,0,1,0,0,3,259,0RJ1002C478,1,1,0.5,0.35,0.175,230,0,0,0,0,-85.7,151.45,180,174.016069660247,8,2,1,1,4,10000,2,1,10,2,2,230,222,20012,1,158,15.211
20,60,1,3,1,1,1,3,1,2,0,1,0,0,3,2204,EBC62528408,1,1,0.5,0.35,0.175,230,0,0,0,0,-74.4,153.75,180,170.805218011629,8,2,1,1,4,10000,4,2,7,16,1,230,118,10024,1,159,15.956
20,60,1,3,1,1,1,3,1,2,0,1,0,0,3,2204,EBC62528408,1,1,0.5,0.35,0.175,230,0,0,0,0,-80.3,153.25,-90,173.013446009263,8,2,1,1,4,10000,3,3,5,8,1,230,128,10024,1,160,15.956
20,60,1,3,1,1,1,3,1,2,0,1,0,0,3,2218,EBC62528447,1,1,0.5,0.35,0.175,230,0,0,0,0,-81.5,159.75,180,179.338541591037,8,2,1,1,4,10000,4,1,5,2,4,230,422,40010,2,161,14.890
20,60,1,3,1,1,1,3,1,2,0,1,0,0,3,259,0RJ1002C478,1,1,0.5,0.35,0.175,230,0,0,0,0,-85.7,150.45,180,173.1464481299,8,2,1,1,4,10000,2,2,12,10,2,230,212,20012,1,162,15.211
20,60,1,3,1,1,1,3,1,2,0,1,0,0,3,2442,EBC64035701,1,1,0.5,0.35,0.175,230,0,0,0,0,-70.2,67.45,-90,97.3526707389171,8,2,1,1,4,10000,6,1,12,3,4,230,423,40018,2,163,14.890
20,60,1,3,1,1,1,3,1,2,0,1,0,0,3,235,0RJ0000C678,1,1,0.5,0.35,0.175,230,0,0,0,0,-92.5,112.95,-90,145.992987845307,8,2,1,1,4,10000,1,3,6,5,1,230,125,10023,2,164,15.956
20,60,1,3,1,1,1,3,1,2,0,1,0,0,3,261,0RJ1003C478,1,1,0.5,0.35,0.175,230,0,0,0,0,-136.8,51.25,-90,146.084915374586,8,2,1,1,4,10000,6,1,7,7,2,230,227,20013,1,165,15.211
20,60,1,3,1,1,1,3,1,2,0,1,0,0,3,2213,EBC62528429,1,1,0.5,0.35,0.175,230,0,0,0,0,-118.2,47.55,180,127.405818156001,8,2,1,1,4,10000,4,2,14,14,4,230,416,40012,2,166,14.890
20,60,1,3,1,1,1,3,1,2,0,1,0,0,3,2213,EBC62528429,1,1,0.5,0.35,0.175,230,0,0,0,0,-121.3,59.95,180,135.305921895533,8,2,1,1,4,10000,4,1,13,6,4,230,426,40012,2,167,14.890
20,60,1,3,1,1,1,3,1,2,0,1,0,0,3,297,0RJ2701C478,1,1,0.5,0.35,0.175,230,0,0,0,0,-128.9,47.65,180,137.425370656222,8,2,1,1,4,10000,6,2,15,16,4,230,418,40025,1,168,14.890
20,60,1,3,1,1,1,3,1,2,0,1,0,0,3,2204,EBC62528408,1,1,0.5,0.35,0.175,230,0,0,0,0,-11.3,65.75,-90,66.7139603081694,8,2,1,1,4,10000,5,4,7,16,1,230,118,10024,1,169,15.956
20,60,1,3,1,1,1,3,1,2,0,1,0,0,3,2204,EBC62528408,1,1,0.5,0.35,0.175,230,0,0,0,0,-11.3,33.85,-90,35.6863068977444,8,2,1,1,4,10000,2,7,1,2,1,230,122,10024,1,170,15.956
20,60,1,3,1,1,1,3,1,2,0,1,0,0,3,2204,EBC62528408,1,1,0.5,0.35,0.175,230,0,0,0,0,-11.3,31.85,-90,33.7951549781918,8,2,1,1,4,10000,6,3,3,3,1,230,123,10024,1,171,15.956
20,60,1,3,1,1,1,3,1,2,0,1,0,0,3,261,0RJ1003C478,1,1,0.5,0.35,0.175,230,0,0,0,0,-126.7,51.25,-90,136.67279356185,8,2,1,1,4,10000,5,2,15,15,2,230,217,20013,1,172,15.211
20,60,1,3,1,1,1,3,1,2,0,1,0,0,3,336,0RJ5601C478,1,1,0.5,0.35,0.175,230,0,0,0,0,-119,65.95,180,136.052940063785,8,2,1,1,4,10000,4,1,10,8,2,230,228,20013,2,173,15.211
20,60,1,3,1,1,1,3,1,2,0,1,0,0,3,2204,EBC62528408,1,1,0.5,0.35,0.175,230,0,0,0,0,-110,84.2,-90,138.52667613135,8,2,1,1,4,10000,1,7,2,2,1,230,122,10024,1,174,15.956
20,60,1,3,1,1,1,3,1,2,0,1,0,0,3,261,0RJ1003C478,1,1,0.5,0.35,0.175,230,0,0,0,0,-121.3,51.25,-90,131.682392520792,8,2,1,1,4,10000,4,1,11,7,2,230,227,20013,1,175,15.211
20,60,1,3,1,1,1,3,1,2,0,1,0,0,3,2265,EBC62975829,1,1,0.5,0.35,0.175,230,0,0,0,0,-70.2,65.55,-90,96.0460436457432,8,2,1,1,4,10000,6,1,13,2,4,230,422,40018,1,176,14.890
20,60,1,3,1,1,1,3,1,2,0,1,0,0,3,2204,EBC62528408,1,1,0.5,0.35,0.175,230,0,0,0,0,-11.3,19.85,-90,22.8410266844553,8,2,1,1,4,10000,2,8,2,10,1,230,112,10024,1,177,15.956
20,60,1,3,1,1,1,3,1,2,0,1,0,0,3,261,0RJ1003C478,1,1,0.5,0.35,0.175,230,0,0,0,0,-116.6,56.65,-90,129.63326154965,8,2,1,1,4,10000,5,1,13,7,2,230,227,20013,1,178,15.211
20,60,1,3,1,1,1,3,1,2,0,1,0,0,3,336,0RJ5601C478,1,1,0.5,0.35,0.175,230,0,0,0,0,-126.3,43.05,180,133.435349514287,8,2,1,1,4,10000,6,2,10,16,2,230,218,20013,2,179,15.211
20,60,1,3,1,1,1,3,1,2,0,1,0,0,3,2267,EBC62975831,1,1,0.55,0.35,0.1925,230,0,0,0,0,-131.4,43.05,180,138.272421328333,8,2,1,1,4,10000,6,1,14,8,4,230,428,40021,1,180,14.890
20,60,1,3,1,1,1,3,1,2,0,1,0,0,3,2210,EBC62528423,1,1,0.5,0.35,0.175,230,0,0,0,0,-119,64.95,180,135.571023821464,8,2,1,1,4,10000,1,4,5,9,3,230,311,30022,2,181,15.969
20,60,1,3,1,1,1,3,1,2,0,1,0,0,3,336,0RJ5601C478,1,1,0.5,0.35,0.175,230,0,0,0,0,-136.3,43.05,180,142.937022845727,8,2,1,1,4,10000,5,1,14,8,2,230,228,20013,2,182,15.211
20,60,1,3,1,1,1,3,1,2,0,1,0,0,3,2210,EBC62528423,1,1,0.5,0.35,0.175,230,0,0,0,0,-120.9,42.05,180,128.003955017023,8,2,1,1,4,10000,2,6,13,1,3,230,321,30022,2,183,15.969
20,60,1,3,1,1,1,3,1,2,0,1,0,0,3,336,0RJ5601C478,1,1,0.5,0.35,0.175,230,0,0,0,0,-120.9,43.05,180,128.335936120792,8,2,1,1,4,10000,4,2,14,16,2,230,218,20013,2,184,15.211
20,60,1,3,1,1,1,3,1,2,0,1,0,0,3,2461,EBC64038519,1,1,0.5,0.35,0.175,230,0,0,0,0,-94.5,50,-90,106.912347275701,8,2,1,1,4,10000,4,1,6,3,3,230,323,30018,1,185,15.969
20,60,1,3,1,1,1,3,1,2,0,1,0,0,3,2204,EBC62528408,1,1,0.5,0.35,0.175,230,0,0,0,0,-11.3,67.75,-90,68.6858973880374,8,2,1,1,4,10000,5,2,5,8,1,230,128,10024,1,186,15.956
20,60,1,3,1,1,1,3,1,2,0,1,0,0,3,762,EAE65238103,2,0.92,0.49,0.3,0.13524,230,0,0,0,0,-72.3,49.15,180,87.4243244183219,8,2,1,1,4,5000,2,4,10,4,3,230,324,30023,1,187,15.969
20,60,1,3,1,1,1,3,1,2,0,1,0,0,3,235,0RJ0000C678,1,1,0.5,0.35,0.175,230,0,0,0,0,-99,144.6,180,175.243145372365,8,2,1,1,4,10000,5,4,13,15,1,230,117,10023,2,188,15.956
20,60,1,3,1,1,1,3,1,2,0,1,0,0,3,762,EAE65238103,2,0.92,0.49,0.3,0.13524,230,0,0,0,0,-129.6,142.4,-90,192.545890633895,8,2,1,1,4,5000,1,3,5,11,6,230,613,60018,2,189,15.966
20,60,1,3,1,1,1,3,1,2,0,1,0,0,3,762,EAE65238103,2,0.92,0.49,0.3,0.13524,230,0,0,0,0,-130,144.25,180,194.185639273351,8,2,1,1,4,5000,6,2,1,3,6,230,623,60018,2,190,15.966
20,60,1,3,1,1,1,3,1,2,0,1,0,0,3,240,0RJ0222C678,1,1,0.5,0.35,0.175,230,0,0,0,0,-116.25,119.2,-90,166.501358853314,8,2,1,1,4,10000,6,8,7,11,6,230,613,60020,2,191,15.966
20,60,1,3,1,1,1,3,1,2,0,1,0,0,3,2204,EBC62528408,1,1,0.5,0.35,0.175,230,0,0,0,0,-11.3,43.85,-90,45.2825849527166,8,2,1,1,4,10000,2,2,8,8,1,230,128,10024,1,192,15.956
20,60,1,3,1,1,1,3,1,2,0,1,0,0,3,762,EAE65238103,2,0.92,0.49,0.3,0.13524,230,0,0,0,0,-126.5,121.45,-90,175.363486792434,8,2,1,1,4,5000,6,4,5,1,3,230,321,30023,1,193,15.969
20,60,1,3,1,1,1,3,1,2,0,1,0,0,3,2204,EBC62528408,1,1,0.5,0.35,0.175,230,0,0,0,0,-11.3,29.85,-90,31.9172758862657,8,2,1,1,4,10000,6,4,2,2,1,230,122,10024,1,194,15.956
20,60,1,3,1,1,1,3,1,2,0,1,0,0,3,762,EAE65238103,2,0.92,0.49,0.3,0.13524,230,0,0,0,0,-58.5,48.3,180,75.8626390260713,8,2,1,1,4,5000,2,7,6,9,3,230,311,30023,1,195,15.969
20,60,1,3,1,1,1,3,1,2,0,1,0,0,3,762,EAE65238103,2,0.92,0.49,0.3,0.13524,230,0,0,0,0,-131.5,129,-90,184.209798870744,8,2,1,1,4,5000,6,1,3,4,6,230,624,60018,2,196,15.966
20,60,1,3,1,1,1,3,1,2,0,1,0,0,3,2204,EBC62528408,1,1,0.5,0.35,0.175,230,0,0,0,0,-11.3,25.85,-90,28.2119212390791,8,2,1,1,4,10000,6,5,1,1,1,230,121,10024,1,197,15.956
20,60,1,3,1,1,1,3,1,2,0,1,0,0,3,2204,EBC62528408,1,1,0.5,0.35,0.175,230,0,0,0,0,-11.3,37.85,-90,39.5007911313179,8,2,1,1,4,10000,2,6,3,4,1,230,124,10024,1,198,15.956
20,60,1,3,1,1,1,3,1,2,0,1,0,0,3,508,EAE63422304,2,1,0.5,0.5,0.25,230,226,0,0,0,-94.4,71.05,180,118.150169276222,8,2,1,1,4,5000,6,1,10,7,4,230,427,40020,2,199,14.890
20,60,1,3,1,1,1,3,1,2,0,1,0,0,3,2204,EBC62528408,1,1,0.5,0.35,0.175,230,0,0,0,0,-11.3,23.85,-90,26.3915232603198,8,2,1,1,4,10000,2,4,6,14,1,230,116,10024,1,200,15.956
20,60,1,3,1,1,1,3,1,2,0,1,0,0,3,537,EAE63461927,2,1,0.5,0.3,0.15,230,0,0,0,0,-43.5,63.45,-90,76.9295294409111,8,2,1,1,4,5000,1,3,7,15,3,230,317,30024,1,201,15.969
20,60,1,3,1,1,1,3,1,2,0,1,0,0,3,762,EAE65238103,2,0.92,0.49,0.3,0.13524,230,0,0,0,0,-136.5,110.95,180,175.903816047293,8,2,1,1,4,5000,3,2,16,7,3,230,327,30023,1,202,15.969
20,60,1,3,1,1,1,3,1,2,0,1,0,0,3,235,0RJ0000C678,1,1,0.5,0.35,0.175,230,0,0,0,0,-97.25,150.2,180,178.934631919033,8,2,1,1,4,10000,4,8,11,9,1,230,111,10023,2,203,15.956
20,60,1,3,1,1,1,3,1,2,0,1,0,0,3,762,EAE65238103,2,0.92,0.49,0.3,0.13524,230,0,0,0,0,-101.1,107.35,-90,147.462647812929,8,2,1,1,4,5000,3,1,15,15,3,230,317,30023,1,204,15.969
20,60,1,3,1,1,1,3,1,2,0,1,0,0,3,336,0RJ5601C478,1,1,0.5,0.35,0.175,230,0,0,0,0,-141.2,43.05,180,147.616877422604,8,2,1,1,4,10000,5,2,16,16,2,230,218,20013,2,205,15.211
20,60,1,3,1,1,1,3,1,2,0,1,0,0,3,760,EAE65238101,2,0.92,0.48,0.45,0.19872,230,0,0,0,0,-111.2,135.65,180,175.403427845638,8,2,1,1,4,5000,4,1,1,10,1,230,112,10022,1,206,15.956
20,60,1,3,1,1,1,3,1,2,0,1,0,0,3,762,EAE65238103,2,0.92,0.49,0.3,0.13524,230,0,0,0,0,-133.4,124.35,-90,182.369083180236,8,2,1,1,4,5000,6,3,6,3,3,230,323,30023,1,207,15.969
20,60,1,3,1,1,1,3,1,2,0,1,0,0,3,2470,EBC64038528,1,1,0.5,0.35,0.175,230,0,0,0,0,-89.9,74.6,180,116.82110254573,8,2,1,1,4,10000,1,2,3,4,3,230,324,30015,1,208,15.969
20,60,1,3,1,1,1,3,1,2,0,1,0,0,3,762,EAE65238103,2,0.92,0.49,0.3,0.13524,230,0,0,0,0,-132.9,126.25,180,183.307044327271,8,2,1,1,4,5000,6,6,6,9,6,230,611,60018,2,209,15.966
20,60,1,3,1,1,1,3,1,2,0,1,0,0,3,2457,EBC64038515,1,1,0.5,0.35,0.175,230,0,0,0,0,-92.6,71.05,180,116.717018896132,8,2,1,1,4,10000,5,3,8,11,3,230,313,30022,1,210,15.969
20,60,1,3,1,1,1,3,1,2,0,1,0,0,3,762,EAE65238103,2,0.92,0.49,0.3,0.13524,230,0,0,0,0,-121.4,142.05,-90,186.858669855054,8,2,1,1,4,5000,6,5,5,10,6,230,612,60018,2,211,15.966
20,60,1,3,1,1,1,3,1,2,0,1,0,0,3,2210,EBC62528423,1,1,0.5,0.35,0.175,230,0,0,0,0,-141.2,42.05,180,147.328349274673,8,2,1,1,4,10000,1,3,16,12,3,230,314,30022,2,212,15.969
20,60,1,3,1,1,1,3,1,2,0,1,0,0,3,762,EAE65238103,2,0.92,0.49,0.3,0.13524,230,0,0,0,0,-131.8,140.85,-90,192.898840069089,8,2,1,1,4,5000,1,2,7,12,6,230,614,60018,2,213,15.966
20,60,1,3,1,1,1,3,1,2,0,1,0,0,3,762,EAE65238103,2,0.92,0.49,0.3,0.13524,230,0,0,0,0,-49.5,73.2,-90,88.3656607512217,8,2,1,1,4,5000,2,6,4,2,3,230,322,30023,1,214,15.969
20,60,1,3,1,1,1,3,1,2,0,1,0,0,3,2213,EBC62528429,1,1,0.5,0.35,0.175,230,0,0,0,0,-123.6,47.55,180,132.430972585721,8,2,1,1,4,10000,3,7,13,13,4,230,415,40012,2,215,14.890
20,60,1,3,1,1,1,3,1,2,0,1,0,0,3,761,EAE65238102,2,0.92,0.49,0.3,0.13524,230,0,0,0,0,-53.6,115.85,180,127.648668226504,8,2,1,1,4,5000,4,2,8,9,2,230,211,20010,1,216,15.211
20,60,1,3,1,1,1,3,1,2,0,1,0,0,3,2213,EBC62528429,1,1,0.5,0.35,0.175,230,0,0,0,0,-133.9,47.55,180,142.092267558794,8,2,1,1,4,10000,3,8,14,14,4,230,416,40012,2,217,14.890
20,60,1,3,1,1,1,3,1,2,0,1,0,0,3,240,0RJ0222C678,1,1,0.5,0.35,0.175,230,0,0,0,0,-104.9,167.35,180,197.509575717229,8,2,1,1,4,10000,1,2,1,10,4,230,412,40013,2,218,14.890
20,60,1,3,1,1,1,3,1,2,0,1,0,0,3,761,EAE65238102,2,0.92,0.49,0.3,0.13524,230,0,0,0,0,-80.6,19.55,-90,82.937099659923,8,2,1,1,4,5000,6,1,9,1,2,230,221,20010,1,219,15.211
20,60,1,3,1,1,1,3,1,2,0,1,0,0,3,235,0RJ0000C678,1,1,0.5,0.35,0.175,230,0,0,0,0,-77.6,23.55,180,81.0947748008464,8,2,1,1,4,10000,2,8,7,9,1,230,111,10023,2,220,15.956
20,60,1,3,1,1,1,3,1,2,0,1,0,0,3,2204,EBC62528408,1,1,0.5,0.35,0.175,230,0,0,0,0,-11.3,41.85,-90,43.3487312386418,8,2,1,1,4,10000,6,2,4,4,1,230,124,10024,1,221,15.956
20,60,1,3,1,1,1,3,1,2,0,1,0,0,3,762,EAE65238103,2,0.92,0.49,0.3,0.13524,230,0,0,0,0,-93.3,26.35,-90,96.9495358421071,8,2,1,1,4,5000,3,7,8,1,3,230,321,30023,1,222,15.969
20,60,1,3,1,1,1,3,1,2,0,1,0,0,3,2204,EBC62528408,1,1,0.5,0.35,0.175,230,0,0,0,0,-89.4,158.35,180,181.843566012108,8,2,1,1,4,10000,4,5,4,6,1,230,126,10024,1,223,15.956
20,60,1,3,1,1,1,3,1,2,0,1,0,0,3,762,EAE65238103,2,0.92,0.49,0.3,0.13524,230,0,0,0,0,-56.3,88.35,180,104.763602935371,8,2,1,1,4,5000,3,3,11,5,3,230,325,30023,1,224,15.969
20,60,1,3,1,1,1,3,1,2,0,1,0,0,3,240,0RJ0222C678,1,1,0.5,0.35,0.175,230,0,0,0,0,-104.9,166.35,180,196.662992197312,8,2,1,1,4,10000,3,7,8,15,4,230,417,40013,2,225,14.890
20,60,1,3,1,1,1,3,1,2,0,1,0,0,3,762,EAE65238103,2,0.92,0.49,0.3,0.13524,230,0,0,0,0,-133,122.35,180,180.716691260105,8,2,1,1,4,5000,6,2,7,5,3,230,325,30023,1,226,15.969
20,60,1,3,1,1,1,3,1,2,0,1,0,0,3,762,EAE65238103,2,0.92,0.49,0.3,0.13524,230,0,0,0,0,-116.4,121.75,-90,168.439967050579,8,2,1,1,4,5000,6,1,8,7,3,230,327,30023,1,227,15.969
20,60,1,3,1,1,1,3,1,2,0,1,0,0,3,336,0RJ5601C478,1,1,0.5,0.35,0.175,230,0,0,0,0,-71.2,65.55,-90,96.7793495535075,8,2,1,1,4,10000,6,1,14,8,2,230,228,20013,2,228,15.211
20,60,1,3,1,1,1,3,1,2,0,1,0,0,3,2457,EBC64038515,1,1,0.5,0.35,0.175,230,0,0,0,0,-92.6,70.05,180,116.110992158365,8,2,1,1,4,10000,1,3,6,11,3,230,313,30022,1,229,15.969
20,60,1,3,1,1,1,3,1,2,0,1,0,0,3,761,EAE65238102,2,0.92,0.49,0.3,0.13524,230,0,0,0,0,-55.4,115.85,180,128.414884261911,8,2,1,1,4,5000,4,1,4,1,2,230,221,20010,1,230,15.211
20,60,1,3,1,1,1,3,1,2,0,1,0,0,3,2204,EBC62528408,1,1,0.5,0.35,0.175,230,0,0,0,0,-11.3,21.85,-90,24.5990345338999,8,2,1,1,4,10000,2,5,4,12,1,230,114,10024,1,231,15.956
20,60,1,3,1,1,1,3,1,2,0,1,0,0,3,762,EAE65238103,2,0.92,0.49,0.3,0.13524,230,0,0,0,0,-88.5,52.05,-90,102.671575910765,8,2,1,1,4,5000,3,8,10,9,3,230,311,30023,1,232,15.969
20,60,1,3,1,1,1,3,1,2,0,1,0,0,3,423,EAE62681702,2,0.92,0.49,0.3,0.13524,230,0,0,0,0,-91.4,153.35,180,178.522218505149,8,2,1,1,4,5000,5,2,6,12,2,230,214,20011,2,233,15.211
20,60,1,3,1,1,1,3,1,2,0,1,0,0,3,2204,EBC62528408,1,1,0.5,0.35,0.175,230,0,0,0,0,-11.3,39.85,-90,41.4211600513554,8,2,1,1,4,10000,2,3,5,6,1,230,126,10024,1,234,15.956
20,60,1,3,1,1,1,3,1,2,0,1,0,0,3,423,EAE62681702,2,0.92,0.49,0.3,0.13524,230,0,0,0,0,-73.9,161.35,180,177.468398595356,8,2,1,1,4,5000,2,1,9,1,2,230,221,20011,2,235,15.211
20,60,1,3,1,1,1,3,1,2,0,1,0,0,3,2204,EBC62528408,1,1,0.5,0.35,0.175,230,0,0,0,0,-11.3,63.75,-90,64.743744871609,8,2,1,1,4,10000,6,1,5,6,1,230,126,10024,1,236,15.956
20,60,1,3,1,1,1,3,1,2,0,1,0,0,3,423,EAE62681702,2,0.92,0.49,0.3,0.13524,230,0,0,0,0,-91.4,154.35,180,179.381945858551,8,2,1,1,4,5000,5,1,4,4,2,230,224,20011,2,237,15.211
20,60,1,3,1,1,1,3,1,2,0,1,0,0,3,423,EAE62681702,2,0.92,0.49,0.3,0.13524,230,0,0,0,0,-89,156.35,180,179.906427066962,8,2,1,1,4,5000,2,2,11,9,2,230,211,20011,2,238,15.211
20,60,1,3,1,1,1,3,1,2,0,1,0,0,3,2497,EBC64038569,1,1,0.5,0.35,0.175,230,0,0,0,0,-84.8,135.45,-90,159.805326882429,8,2,1,1,4,10000,5,2,4,11,4,230,413,40014,2,239,14.890
20,60,1,3,1,1,1,3,1,2,0,1,0,0,3,762,EAE65238103,2,0.92,0.49,0.3,0.13524,230,0,0,0,0,-52.9,22.05,180,57.3115389777661,8,2,1,1,4,5000,2,2,12,15,3,230,317,30023,1,240,15.969
20,60,1,3,1,1,1,3,1,2,0,1,0,0,3,760,EAE65238101,2,0.92,0.48,0.45,0.19872,230,0,0,0,0,-88.5,54.45,-90,103.908866320444,8,2,1,1,4,5000,5,4,1,12,1,230,114,10022,1,241,15.956
20,60,1,3,1,1,1,3,1,2,0,1,0,0,3,2585,EBC64558915,1,1,0.5,0.35,0.175,230,0,0,0,0,-95.6,87.75,180,129.766800453737,8,2,1,1,4,10000,1,2,8,2,3,230,322,30014,1,242,15.969
20,60,1,3,1,1,1,3,1,2,0,1,0,0,3,762,EAE65238103,2,0.92,0.49,0.3,0.13524,230,0,0,0,0,-130.9,120.55,180,177.952556879636,8,2,1,1,4,5000,5,2,14,5,3,230,325,30023,1,243,15.969
20,60,1,3,1,1,1,3,1,2,0,1,0,0,3,2497,EBC64038569,1,1,0.5,0.35,0.175,230,0,0,0,0,-85.8,135.45,-90,160.338212850212,8,2,1,1,4,10000,5,1,2,3,4,230,423,40014,2,244,14.890
20,60,1,3,1,1,1,3,1,2,0,1,0,0,3,760,EAE65238101,2,0.92,0.48,0.45,0.19872,230,0,0,0,0,-59.6,151.75,-90,163.034421212209,8,2,1,1,4,5000,4,5,15,2,1,230,122,10022,1,245,15.956
20,60,1,3,1,1,1,3,1,2,0,1,0,0,3,2585,EBC64558915,1,1,0.5,0.35,0.175,230,0,0,0,0,-95.6,88.75,180,130.445093813451,8,2,1,1,4,10000,1,1,13,6,3,230,326,30014,1,246,15.969
20,60,1,3,1,1,1,3,1,2,0,1,0,0,3,762,EAE65238103,2,0.92,0.49,0.3,0.13524,230,0,0,0,0,-57.3,168.45,180,177.928897315754,8,2,1,1,4,5000,1,6,4,12,2,230,214,20014,1,247,15.211
20,60,1,3,1,1,1,3,1,2,0,1,0,0,3,760,EAE65238101,2,0.92,0.48,0.45,0.19872,230,0,0,0,0,-59.6,162.65,-90,173.225813607557,8,2,1,1,4,5000,4,6,16,1,1,230,121,10022,1,248,15.956
20,60,1,3,1,1,1,3,1,2,0,1,0,0,3,235,0RJ0000C678,1,1,0.5,0.35,0.175,230,0,0,0,0,-88.5,142.2,-90,167.490566898557,8,2,1,1,4,10000,3,2,3,6,1,230,126,10023,2,249,15.956
20,60,1,3,1,1,1,3,1,2,0,1,0,0,3,235,0RJ0000C678,1,1,0.5,0.35,0.175,230,0,0,0,0,-88.25,150.2,-90,174.207067881874,8,2,1,1,4,10000,3,3,4,7,1,230,127,10023,2,250,15.956
20,60,1,3,1,1,1,3,1,2,0,1,0,0,3,760,EAE65238101,2,0.92,0.48,0.45,0.19872,230,0,0,0,0,-61.6,151.75,-90,163.776135318916,8,2,1,1,4,5000,3,7,15,9,1,230,111,10022,1,251,15.956
20,60,1,3,1,1,1,3,1,2,0,1,0,0,3,760,EAE65238101,2,0.92,0.48,0.45,0.19872,230,0,0,0,0,-60.6,162.65,-90,173.572412842594,8,2,1,1,4,5000,3,5,13,11,1,230,113,10022,1,252,15.956
20,60,1,3,1,1,1,3,1,2,0,1,0,0,3,2241,EBC62528497,1,1,0.5,0.35,0.175,230,0,0,0,0,-95.55,78.95,-90,123.947186333535,8,2,1,1,4,10000,1,2,9,3,3,230,323,30014,2,253,15.969
20,60,1,3,1,1,1,3,1,2,0,1,0,0,3,240,0RJ0222C678,1,1,0.5,0.35,0.175,230,0,0,0,0,-117.2,124.55,-90,171.022052671578,8,2,1,1,4,10000,3,1,15,5,6,230,625,60020,2,254,15.966
20,60,1,3,1,1,1,3,1,2,0,1,0,0,3,762,EAE65238103,2,0.92,0.49,0.3,0.13524,230,0,0,0,0,-60.6,151.75,-90,163.402639207572,8,2,1,1,4,5000,4,7,10,10,6,230,612,60018,2,255,15.966
20,60,1,3,1,1,1,3,1,2,0,1,0,0,3,762,EAE65238103,2,0.92,0.49,0.3,0.13524,230,0,0,0,0,-61.6,162.65,-90,173.924071077008,8,2,1,1,4,5000,2,3,13,9,4,230,411,40011,2,256,14.890
20,60,1,3,1,1,1,3,1,2,0,1,0,0,3,240,0RJ0222C678,1,1,0.5,0.35,0.175,230,0,0,0,0,-118.2,124.55,-90,171.708888820585,8,2,1,1,4,10000,1,1,12,7,6,230,627,60020,2,257,15.966
20,60,1,3,1,1,1,3,1,2,0,1,0,0,3,762,EAE65238103,2,0.92,0.49,0.3,0.13524,230,0,0,0,0,-62.5,157.25,-90,169.215284475132,8,2,1,1,4,5000,2,2,7,12,6,230,614,60018,2,258,15.966
20,60,1,3,1,1,1,3,1,2,0,1,0,0,3,90,0CZZB00055B,2,0.92,0.49,0.3,0.13524,230,0,0,0,0,-62.6,151.75,-90,164.154873518882,8,2,1,1,4,5000,5,1,14,6,4,230,426,40016,1,259,14.890
20,60,1,3,1,1,1,3,1,2,0,1,0,0,3,762,EAE65238103,2,0.92,0.49,0.3,0.13524,230,0,0,0,0,-62.5,168.15,-90,179.389722392338,8,2,1,1,4,5000,1,4,8,10,2,230,212,20014,1,260,15.211
20,60,1,3,1,1,1,3,1,2,0,1,0,0,3,90,0CZZB00055B,2,0.92,0.49,0.3,0.13524,230,0,0,0,0,-62.6,162.65,-90,174.28075768713,8,2,1,1,4,5000,5,2,13,14,4,230,416,40016,1,261,14.890
20,60,1,3,1,1,1,3,1,2,0,1,0,0,3,762,EAE65238103,2,0.92,0.49,0.3,0.13524,230,0,0,0,0,-63.6,151.75,-90,164.53881760849,8,2,1,1,4,5000,3,2,4,2,6,230,622,60018,2,262,15.966
20,60,1,3,1,1,1,3,1,2,0,1,0,0,3,762,EAE65238103,2,0.92,0.49,0.3,0.13524,230,0,0,0,0,-98.75,100.95,-90,141.217792788303,8,2,1,1,4,5000,3,6,12,3,3,230,323,30023,1,263,15.969
20,60,1,3,1,1,1,3,1,2,0,1,0,0,3,760,EAE65238101,2,0.92,0.48,0.45,0.19872,230,0,0,0,0,-71.2,67.45,-90,98.0762076142833,8,2,1,1,4,5000,5,1,4,3,1,230,123,10022,1,264,15.956
20,60,1,3,1,1,1,3,1,2,0,1,0,0,3,762,EAE65238103,2,0.92,0.49,0.3,0.13524,230,0,0,0,0,-53.3,23.45,-90,58.2305117614468,8,2,1,1,4,5000,2,3,11,13,3,230,315,30023,1,265,15.969
20,60,1,3,1,1,1,3,1,2,0,1,0,0,3,762,EAE65238103,2,0.92,0.49,0.3,0.13524,230,0,0,0,0,-104.25,101.45,180,145.465339514264,8,2,1,1,4,5000,3,5,13,11,3,230,313,30023,1,266,15.969
20,60,1,3,1,1,1,3,1,2,0,1,0,0,3,762,EAE65238103,2,0.92,0.49,0.3,0.13524,230,0,0,0,0,-106.1,135.05,-90,171.743158524583,8,2,1,1,4,5000,6,3,4,1,6,230,621,60018,2,267,15.966
20,60,1,3,1,1,1,3,1,2,0,1,0,0,3,762,EAE65238103,2,0.92,0.49,0.3,0.13524,230,0,0,0,0,-108.7,135.55,-90,173.751237405666,8,2,1,1,4,5000,6,4,2,2,6,230,622,60018,2,268,15.966
20,60,1,3,1,1,1,3,1,2,0,1,0,0,3,762,EAE65238103,2,0.92,0.49,0.3,0.13524,230,0,0,0,0,-108.7,137.35,-90,175.159106243438,8,2,1,1,4,5000,1,5,6,9,6,230,611,60018,2,269,15.966
20,60,1,3,1,1,1,3,1,2,0,1,0,0,3,762,EAE65238103,2,0.92,0.49,0.3,0.13524,230,0,0,0,0,-135.3,97.65,180,166.858060938032,8,2,1,1,4,5000,5,3,13,13,3,230,315,30023,1,270,15.969
20,60,1,3,1,1,1,3,1,2,0,1,0,0,3,762,EAE65238103,2,0.92,0.49,0.3,0.13524,230,0,0,0,0,-100.1,27.05,-90,103.690464846099,8,2,1,1,4,5000,2,1,15,7,3,230,327,30023,1,271,15.969
20,60,1,3,1,1,1,3,1,2,0,1,0,0,3,764,EAE65238106,2,1,0.5,0.3,0.15,230,0,0,0,0,-100.1,30.25,-90,104.570897002942,8,2,1,1,4,5000,1,2,1,1,3,230,321,30013,2,272,15.969
20,60,1,3,1,1,1,3,1,2,0,1,0,0,3,2213,EBC62528429,1,1,0.5,0.35,0.175,230,0,0,0,0,-136.5,122.35,180,183.307862624602,8,2,1,1,4,10000,1,8,9,5,4,230,425,40012,2,273,14.890
20,60,1,3,1,1,1,3,1,2,0,1,0,0,3,323,0RJ4702C478,1,1,0.52,0.35,0.182,230,0,0,0,0,-84.7,57.15,-90,102.177358059406,8,2,1,1,4,10000,4,1,4,6,3,230,326,30019,2,274,15.969
20,60,1,3,1,1,1,3,1,2,0,1,0,0,3,2213,EBC62528429,1,1,0.5,0.35,0.175,230,0,0,0,0,-77.6,22.55,180,80.8100395990498,8,2,1,1,4,10000,3,1,15,9,4,230,411,40012,2,275,14.890
20,60,1,3,1,1,1,3,1,2,0,1,0,0,3,2204,EBC62528408,1,1,0.5,0.35,0.175,230,0,0,0,0,-89.4,160.15,180,183.413147020599,8,2,1,1,4,10000,1,6,15,4,1,230,124,10024,1,276,15.956
20,60,1,3,1,1,1,3,1,2,0,1,0,0,3,2213,EBC62528429,1,1,0.5,0.35,0.175,230,0,0,0,0,-116.8,123.15,180,169.729674777276,8,2,1,1,4,10000,2,5,16,13,4,230,415,40012,2,277,14.890
20,60,1,3,1,1,1,3,1,2,0,1,0,0,3,2213,EBC62528429,1,1,0.5,0.35,0.175,230,0,0,0,0,-118.6,123.15,180,170.973338564818,8,2,1,1,4,10000,2,6,15,14,4,230,416,40012,2,278,14.890
20,60,1,3,1,1,1,3,1,2,0,1,0,0,3,240,0RJ0222C678,1,1,0.5,0.35,0.175,230,0,0,0,0,-114.1,122.75,-90,167.589893788379,8,2,1,1,4,10000,4,7,14,14,6,230,616,60020,2,279,15.966
20,60,1,3,1,1,1,3,1,2,0,1,0,0,3,2210,EBC62528423,1,1,0.5,0.35,0.175,230,0,0,0,0,-136.3,42.05,180,142.639028670277,8,2,1,1,4,10000,2,1,16,6,3,230,326,30022,2,280,15.969
20,60,1,3,1,1,1,3,1,2,0,1,0,0,3,2204,EBC62528408,1,1,0.5,0.35,0.175,230,0,0,0,0,-91.6,157.75,180,182.416069741676,8,2,1,1,4,10000,1,3,12,6,1,230,126,10024,1,281,15.956
20,60,1,3,1,1,1,3,1,2,0,1,0,0,3,2204,EBC62528408,1,1,0.5,0.35,0.175,230,0,0,0,0,-11.3,27.85,-90,30.0551576272692,8,2,1,1,4,10000,2,1,9,16,1,230,118,10024,1,282,15.956
20,60,1,3,1,1,1,3,1,2,0,1,0,0,3,2210,EBC62528423,1,1,0.5,0.35,0.175,230,0,0,0,0,-126.3,42.05,180,133.116086556058,8,2,1,1,4,10000,2,4,14,3,3,230,323,30022,2,283,15.969
20,60,1,3,1,1,1,3,1,2,0,1,0,0,3,2445,EBC64038503,1,1,0.5,0.35,0.175,230,0,0,0,0,-132.5,117.75,-90,177.26057796363,8,2,1,1,4,10000,4,1,11,2,3,230,322,30017,2,284,15.969
20,60,1,3,1,1,1,3,1,2,0,1,0,0,3,2213,EBC62528429,1,1,0.5,0.35,0.175,230,0,0,0,0,-136.5,121.35,180,182.64192426713,8,2,1,1,4,10000,1,7,10,6,4,230,426,40012,2,285,14.890
20,60,1,3,1,1,1,3,1,2,0,1,0,0,3,2240,EBC62528496,1,1,0.5,0.35,0.175,230,0,0,0,0,-104.4,60.35,-90,120.588069476213,8,2,1,1,4,10000,1,2,15,8,3,230,328,30017,1,286,15.969
20,60,1,3,1,1,1,3,1,2,0,1,0,0,3,235,0RJ0000C678,1,1,0.5,0.35,0.175,230,0,0,0,0,-78.8,67.25,-90,103.595378757935,8,2,1,1,4,10000,1,4,1,13,1,230,115,10023,2,287,15.956
20,60,1,3,1,1,1,3,1,2,0,1,0,0,3,261,0RJ1003C478,1,1,0.5,0.35,0.175,230,0,0,0,0,-131.8,51.25,-90,141.413586688126,8,2,1,1,4,10000,6,2,8,15,2,230,217,20013,1,288,15.211
20,60,1,3,1,1,1,3,1,2,0,1,0,0,3,2213,EBC62528429,1,1,0.5,0.35,0.175,230,0,0,0,0,-113.3,129.15,-90,171.803994423878,8,2,1,1,4,10000,1,5,7,1,4,230,421,40012,2,289,14.890
20,60,1,3,1,1,1,3,1,2,0,1,0,0,3,261,0RJ1003C478,1,1,0.5,0.35,0.175,230,0,0,0,0,-85.7,57.15,-90,103.007827372487,8,2,1,1,4,10000,3,1,16,4,2,230,224,20013,1,290,15.211
20,60,1,3,1,1,1,3,1,2,0,1,0,0,3,240,0RJ0222C678,1,1,0.5,0.35,0.175,230,0,0,0,0,-108.7,130.45,-90,169.802510287687,8,2,1,1,4,10000,4,2,11,6,6,230,626,60020,2,291,15.966
20,60,1,3,1,1,1,3,1,2,0,1,0,0,3,240,0RJ0222C678,1,1,0.5,0.35,0.175,230,0,0,0,0,-111.8,125.55,-90,168.113183599621,8,2,1,1,4,10000,4,8,15,13,6,230,615,60020,2,292,15.966
20,60,1,3,1,1,1,3,1,2,0,1,0,0,3,283,0RJ2000C678,1,1,0.5,0.35,0.175,230,0,0,0,0,-136.3,117.05,-90,179.661883826259,8,2,1,1,4,10000,2,1,13,7,2,230,227,20014,2,293,15.211
20,60,1,3,1,1,1,3,1,2,0,1,0,0,3,259,0RJ1002C478,1,1,0.5,0.35,0.175,230,0,0,0,0,-85.6,49.85,180,99.0574706925227,8,2,1,1,4,10000,4,2,13,13,2,230,215,20012,1,294,15.211
20,60,1,3,1,1,1,3,1,2,0,1,0,0,3,323,0RJ4702C478,1,1,0.52,0.35,0.182,230,0,0,0,0,-86.7,57.15,-90,103.841285142279,8,2,1,1,4,10000,4,2,9,13,3,230,315,30019,2,295,15.969
20,60,1,3,1,1,1,3,1,2,0,1,0,0,3,2213,EBC62528429,1,1,0.5,0.35,0.175,230,0,0,0,0,-79.6,19.55,-90,81.9656177918522,8,2,1,1,4,10000,3,2,16,10,4,230,412,40012,2,296,14.890
20,60,1,3,1,1,1,3,1,2,0,1,0,0,3,425,EAE62681704,2,1,0.5,0.5,0.25,230,0,0,0,0,-89.9,105.35,-90,138.494160526717,8,2,1,1,4,5000,4,1,12,5,3,230,325,30019,1,297,15.969
20,60,1,3,1,1,1,3,1,2,0,1,0,0,3,425,EAE62681704,2,1,0.5,0.5,0.25,230,0,0,0,0,-95.5,109.45,-90,145.256850096648,8,2,1,1,4,5000,4,2,15,12,3,230,314,30019,1,298,15.969
20,60,1,3,1,1,1,3,1,2,0,1,0,0,3,423,EAE62681702,2,0.92,0.49,0.3,0.13524,230,0,0,0,0,-62.3,115.85,180,131.539015124791,8,2,1,1,4,5000,3,3,13,9,2,230,211,20011,2,299,15.211
20,60,1,3,1,1,1,3,1,2,0,1,0,0,3,762,EAE65238103,2,0.92,0.49,0.3,0.13524,230,0,0,0,0,-77.55,60.95,-90,98.6352117653731,8,2,1,1,4,5000,1,3,4,13,3,230,315,30023,1,300,15.969
20,60,1,3,1,1,1,3,1,2,0,1,0,0,3,761,EAE65238102,2,0.92,0.49,0.3,0.13524,230,0,0,0,0,-85.9,126.95,180,153.281155071326,8,2,1,1,4,5000,3,4,12,10,2,230,212,20010,1,301,15.211
20,60,1,3,1,1,1,3,1,2,0,1,0,0,3,423,EAE62681702,2,0.92,0.49,0.3,0.13524,230,0,0,0,0,-60.5,115.85,180,130.696107440122,8,2,1,1,4,5000,3,1,11,1,2,230,221,20011,2,302,15.211
20,60,1,3,1,1,1,3,1,2,0,1,0,0,3,747,EAE65237204,2,1,0.5,0.5,0.25,230,0,0,0,0,-86.9,124.95,180,152.197610033798,8,2,1,1,4,10000,5,2,5,13,4,230,415,40015,2,303,14.890
20,60,1,3,1,1,1,3,1,2,0,1,0,0,3,72,0CK331BKFDA,2,0.9,0.5,0.5,0.225,230,0,0,0,0,-12.4,65.75,-90,66.9090614192129,8,2,1,1,4,10000,6,3,3,4,3,230,324,30023,2,304,15.969
20,60,1,3,1,1,1,3,1,2,0,1,0,0,3,537,EAE63461927,2,1,0.5,0.3,0.15,230,0,0,0,0,-43.5,59.75,-90,73.9074590281658,8,2,1,1,4,5000,5,2,11,7,3,230,327,30024,1,305,15.969
20,60,1,3,1,1,1,3,1,2,0,1,0,0,3,423,EAE62681702,2,0.92,0.49,0.3,0.13524,230,0,0,0,0,-43.5,54.35,-90,69.614456113655,8,2,1,1,4,5000,6,2,12,12,2,230,214,20011,2,306,15.211
20,60,1,3,1,1,1,3,1,2,0,1,0,0,3,537,EAE63461927,2,1,0.5,0.3,0.15,230,0,0,0,0,-43.5,61.55,-90,75.370103489381,8,2,1,1,4,5000,5,3,9,15,3,230,317,30024,1,307,15.969
20,60,1,3,1,1,1,3,1,2,0,1,0,0,3,760,EAE65238101,2,0.92,0.48,0.45,0.19872,230,0,0,0,0,-68.75,60.2,-90,91.3816310863403,8,2,1,1,4,5000,5,2,3,4,1,230,124,10022,1,308,15.956
20,60,1,3,1,1,1,3,1,2,0,1,0,0,3,72,0CK331BKFDA,2,0.9,0.5,0.5,0.225,230,0,0,0,0,-43.5,57.95,-90,72.4600062103227,8,2,1,1,4,10000,2,7,3,10,3,230,312,30023,2,309,15.969
20,60,1,3,1,1,1,3,1,2,0,1,0,0,3,72,0CK331BKFDA,2,0.9,0.5,0.5,0.225,230,0,0,0,0,-43.5,52.55,-90,68.2184176011141,8,2,1,1,4,10000,5,3,10,14,3,230,316,30023,2,310,15.969
20,60,1,3,1,1,1,3,1,2,0,1,0,0,3,629,EAE64462001,2,1,0.5,0.4,0.2,230,0,0,0,0,-86.75,123.1,-90,150.596057385311,8,2,1,1,4,5000,4,1,11,7,4,230,427,40013,1,311,14.890
20,60,1,3,1,1,1,3,1,2,0,1,0,0,3,761,EAE65238102,2,0.92,0.49,0.3,0.13524,230,0,0,0,0,-85.9,125.95,180,152.453968462615,8,2,1,1,4,5000,5,2,10,9,2,230,211,20010,1,312,15.211
20,60,1,3,1,1,1,3,1,2,0,1,0,0,3,711,EAE65188501,2,1,0.5,0.5,0.25,230,0,0,0,0,-85.3,136.85,180,161.257596720279,8,2,1,1,4,5000,5,3,1,3,6,230,623,60021,2,313,15.966
20,60,1,3,1,1,1,3,1,2,0,1,0,0,3,72,0CK331BKFDA,2,0.9,0.5,0.5,0.225,230,0,0,0,0,-11.3,35.85,-90,37.5887283636997,8,2,1,1,4,10000,3,7,1,2,3,230,322,30023,2,314,15.969
20,60,1,3,1,1,1,3,1,2,0,1,0,0,3,629,EAE64462001,2,1,0.5,0.4,0.2,230,0,0,0,0,-87.75,121.1,-90,149.550234035257,8,2,1,1,4,5000,4,2,12,15,4,230,417,40013,1,315,14.890
20,60,1,3,1,1,1,3,1,2,0,1,0,0,3,747,EAE65237204,2,1,0.5,0.5,0.25,230,0,0,0,0,-86.9,127.95,180,154.67001163768,8,2,1,1,4,10000,5,1,8,5,4,230,425,40015,2,316,14.890
20,60,1,3,1,1,1,3,1,2,0,1,0,0,3,72,0CK331BKFDA,2,0.9,0.5,0.5,0.225,230,0,0,0,0,-12.4,27.85,-90,30.4857753714745,8,2,1,1,4,10000,3,2,7,8,3,230,328,30023,2,317,15.969
20,60,1,3,1,1,1,3,1,2,0,1,0,0,3,72,0CK331BKFDA,2,0.9,0.5,0.5,0.225,230,0,0,0,0,-12.4,67.75,-90,68.8754128844249,8,2,1,1,4,10000,2,4,5,5,3,230,325,30023,2,318,15.969
20,60,1,3,1,1,1,3,1,2,0,1,0,0,3,72,0CK331BKFDA,2,0.9,0.5,0.5,0.225,230,0,0,0,0,-12.4,33.85,-90,36.0497226064224,8,2,1,1,4,10000,2,3,7,14,3,230,316,30023,2,319,15.969
20,60,1,3,1,1,1,3,1,2,0,1,0,0,3,72,0CK331BKFDA,2,0.9,0.5,0.5,0.225,230,0,0,0,0,-12.4,23.85,-90,26.8808947023718,8,2,1,1,4,10000,3,4,5,14,3,230,316,30023,2,320,15.969
20,60,1,3,1,1,1,3,1,2,0,1,0,0,3,762,EAE65238103,2,0.92,0.49,0.3,0.13524,230,0,0,0,0,-12.4,45.85,-90,47.4971841270617,8,2,1,1,4,5000,2,5,1,11,3,230,313,30023,1,321,15.969
20,60,1,3,1,1,1,3,1,2,0,1,0,0,3,72,0CK331BKFDA,2,0.9,0.5,0.5,0.225,230,0,0,0,0,-12.4,25.85,-90,28.670237180742,8,2,1,1,4,10000,6,5,2,9,3,230,311,30023,2,322,15.969
20,60,1,3,1,1,1,3,1,2,0,1,0,0,3,72,0CK331BKFDA,2,0.9,0.5,0.5,0.225,230,0,0,0,0,-12.4,63.75,-90,64.9447649930308,8,2,1,1,4,10000,2,1,9,8,3,230,328,30023,2,323,15.969
20,60,1,3,1,1,1,3,1,2,0,1,0,0,3,72,0CK331BKFDA,2,0.9,0.5,0.5,0.225,230,0,0,0,0,-12.4,31.85,-90,34.1786848781518,8,2,1,1,4,10000,6,4,1,2,3,230,322,30023,2,324,15.969
20,60,1,3,1,1,1,3,1,2,0,1,0,0,3,72,0CK331BKFDA,2,0.9,0.5,0.5,0.225,230,0,0,0,0,-12.4,29.85,-90,32.3230954582014,8,2,1,1,4,10000,3,1,9,16,3,230,318,30023,2,325,15.969
20,60,1,3,1,1,1,3,1,2,0,1,0,0,3,72,0CK331BKFDA,2,0.9,0.5,0.5,0.225,230,0,0,0,0,-12.4,37.85,-90,39.8294175202199,8,2,1,1,4,10000,2,2,8,16,3,230,318,30023,2,326,15.969
20,60,1,3,1,1,1,3,1,2,0,1,0,0,3,72,0CK331BKFDA,2,0.9,0.5,0.5,0.225,230,0,0,0,0,-11.3,72.55,-90,73.4247403808825,8,2,1,1,4,10000,6,2,4,6,3,230,326,30023,2,327,15.969
20,60,1,3,1,1,1,3,1,2,0,1,0,0,3,72,0CK331BKFDA,2,0.9,0.5,0.5,0.225,230,0,0,0,0,-11.3,70.55,-90,71.4492302267841,8,2,1,1,4,10000,5,2,2,6,3,230,326,30023,2,328,15.969
20,60,1,3,1,1,1,3,1,2,0,1,0,0,3,445,EAE62967003,2,1,0.5,0.3,0.15,230,0,0,0,0,-40.6,152.05,-90,157.377134616182,8,2,1,1,4,5000,2,1,4,1,6,230,621,60017,1,329,15.966
20,60,1,3,1,1,1,3,1,2,0,1,0,0,3,762,EAE65238103,2,0.92,0.49,0.3,0.13524,230,0,0,0,0,-135,89.75,180,162.111265802226,8,2,1,1,4,5000,1,4,12,10,3,230,312,30023,1,330,15.969
20,60,1,3,1,1,1,3,1,2,0,1,0,0,3,423,EAE62681702,2,0.92,0.49,0.3,0.13524,230,0,0,0,0,-43.5,50.75,-90,66.8416973153734,8,2,1,1,4,5000,6,1,13,4,2,230,224,20011,2,331,15.211
20,60,1,3,1,1,1,3,1,2,0,1,0,0,3,423,EAE62681702,2,0.92,0.49,0.3,0.13524,230,0,0,0,0,-43.5,48.95,-90,65.4855136652374,8,2,1,1,4,5000,4,1,16,4,2,230,224,20011,2,332,15.211
20,60,1,3,1,1,1,3,1,2,0,1,0,0,3,789,EAE65238803,2,1,0.5,0.5,0.25,230,0,0,0,0,-35.9,156.75,-90,160.808496355137,8,2,1,1,4,10000,6,2,3,10,4,230,412,40022,1,333,14.890
20,60,1,3,1,1,1,3,1,2,0,1,0,0,3,72,0CK331BKFDA,2,0.9,0.5,0.5,0.225,230,0,0,0,0,-12.4,39.85,-90,41.7346678434129,8,2,1,1,4,10000,3,6,3,4,3,230,324,30023,2,334,15.969
20,60,1,3,1,1,1,3,1,2,0,1,0,0,3,72,0CK331BKFDA,2,0.9,0.5,0.5,0.225,230,0,0,0,0,-12.4,19.85,-90,23.4047537906298,8,2,1,1,4,10000,3,8,2,10,3,230,312,30023,2,335,15.969
20,60,1,3,1,1,1,3,1,2,0,1,0,0,3,72,0CK331BKFDA,2,0.9,0.5,0.5,0.225,230,0,0,0,0,-12.4,41.85,-90,43.648396305019,8,2,1,1,4,10000,3,3,6,6,3,230,326,30023,2,336,15.969
20,60,1,3,1,1,1,3,1,2,0,1,0,0,3,445,EAE62967003,2,1,0.5,0.3,0.15,230,0,0,0,0,-35.9,159.55,-90,163.539024394791,8,2,1,1,4,5000,2,2,5,9,6,230,611,60017,1,337,15.966
20,60,1,3,1,1,1,3,1,2,0,1,0,0,3,762,EAE65238103,2,0.92,0.49,0.3,0.13524,230,0,0,0,0,-124.3,158.85,-90,201.702286799134,8,2,1,1,4,5000,1,4,4,10,6,230,612,60018,2,338,15.966
20,60,1,3,1,1,1,3,1,2,0,1,0,0,3,72,0CK331BKFDA,2,0.9,0.5,0.5,0.225,230,0,0,0,0,-12.4,21.85,-90,25.1233457166835,8,2,1,1,4,10000,3,5,4,12,3,230,314,30023,2,339,15.969
20,60,1,3,1,1,1,3,1,2,0,1,0,0,3,72,0CK331BKFDA,2,0.9,0.5,0.5,0.225,230,0,0,0,0,-12.4,43.85,-90,45.5695347792799,8,2,1,1,4,10000,2,5,2,12,3,230,314,30023,2,340,15.969
20,60,1,3,1,1,1,3,1,2,0,1,0,0,3,424,EAE62681703,2,0.92,0.49,0.5,0.2254,230,0,0,0,0,-57.3,154.55,180,164.830192925932,8,2,1,1,4,5000,2,1,9,5,6,230,625,60019,1,341,15.966
20,60,1,3,1,1,1,3,1,2,0,1,0,0,3,424,EAE62681703,2,0.92,0.49,0.5,0.2254,230,0,0,0,0,-57.3,165.45,180,175.09138328313,8,2,1,1,4,5000,2,2,8,13,6,230,615,60019,1,342,15.966
20,60,1,3,1,1,1,3,1,2,0,1,0,0,3,760,EAE65238101,2,0.92,0.48,0.45,0.19872,230,0,0,0,0,-57.3,156.55,180,166.706905975727,8,2,1,1,4,5000,4,2,13,12,1,230,114,10022,1,343,15.956
20,60,1,3,1,1,1,3,1,2,0,1,0,0,3,760,EAE65238101,2,0.92,0.48,0.45,0.19872,230,0,0,0,0,-57.3,167.45,180,176.982463820572,8,2,1,1,4,5000,4,3,12,4,1,230,124,10022,1,344,15.956
20,60,1,3,1,1,1,3,1,2,0,1,0,0,3,762,EAE65238103,2,0.92,0.49,0.3,0.13524,230,0,0,0,0,-57.3,155.55,180,165.768189047235,8,2,1,1,4,5000,3,8,10,9,6,230,611,60018,2,345,15.966
20,60,1,3,1,1,1,3,1,2,0,1,0,0,3,762,EAE65238103,2,0.92,0.49,0.3,0.13524,230,0,0,0,0,-57.3,166.45,180,176.036622610183,8,2,1,1,4,5000,1,5,5,11,2,230,213,20014,1,346,15.211
20,60,1,3,1,1,1,3,1,2,0,1,0,0,3,760,EAE65238101,2,0.92,0.48,0.45,0.19872,230,0,0,0,0,-57.6,151.75,-90,162.313962738885,8,2,1,1,4,5000,3,6,14,10,1,230,112,10022,1,347,15.956
20,60,1,3,1,1,1,3,1,2,0,1,0,0,3,760,EAE65238101,2,0.92,0.48,0.45,0.19872,230,0,0,0,0,-57.6,162.65,-90,172.547913635604,8,2,1,1,4,5000,3,4,12,12,1,230,114,10022,1,348,15.956
20,60,1,3,1,1,1,3,1,2,0,1,0,0,3,762,EAE65238103,2,0.92,0.49,0.3,0.13524,230,0,0,0,0,-58.7,157.25,-90,167.848897821821,8,2,1,1,4,5000,3,1,2,1,6,230,621,60018,2,349,15.966
20,60,1,3,1,1,1,3,1,2,0,1,0,0,3,760,EAE65238101,2,0.92,0.48,0.45,0.19872,230,0,0,0,0,-58.6,151.75,-90,162.67151717495,8,2,1,1,4,5000,5,3,10,13,1,230,115,10022,1,350,15.956
20,60,1,3,1,1,1,3,1,2,0,1,0,0,3,762,EAE65238103,2,0.92,0.49,0.3,0.13524,230,0,0,0,0,-58.7,168.15,-90,178.101410718725,8,2,1,1,4,5000,1,3,6,2,2,230,222,20014,1,351,15.211
20,60,1,3,1,1,1,3,1,2,0,1,0,0,3,760,EAE65238101,2,0.92,0.48,0.45,0.19872,230,0,0,0,0,-58.6,162.65,-90,172.884303798812,8,2,1,1,4,5000,4,4,14,3,1,230,123,10022,1,352,15.956
20,60,1,3,1,1,1,3,1,2,0,1,0,0,3,761,EAE65238102,2,0.92,0.49,0.3,0.13524,230,0,0,0,0,-90.8,164.55,-90,187.939731030988,8,2,1,1,4,5000,6,2,3,9,2,230,211,20010,1,353,15.211
20,60,1,3,1,1,1,3,1,2,0,1,0,0,3,760,EAE65238101,2,0.92,0.48,0.45,0.19872,230,0,0,0,0,-92.4,174.25,-90,197.232914342409,8,2,1,1,4,5000,3,2,10,3,1,230,123,10022,1,354,15.956
20,60,1,3,1,1,1,3,1,2,0,1,0,0,3,760,EAE65238101,2,0.92,0.48,0.45,0.19872,230,0,0,0,0,-94.3,170.15,180,194.534090842711,8,2,1,1,4,5000,3,3,9,4,1,230,124,10022,1,355,15.956
20,60,1,3,1,1,1,3,1,2,0,1,0,0,3,761,EAE65238102,2,0.92,0.49,0.3,0.13524,230,0,0,0,0,-85.6,174.65,-90,194.499312338116,8,2,1,1,4,5000,5,1,1,1,2,230,221,20010,1,356,15.211
20,60,1,3,1,1,1,3,1,2,0,1,0,0,3,762,EAE65238103,2,0.92,0.49,0.3,0.13524,230,0,0,0,0,-91.15,125.15,-90,154.825207895872,8,2,1,1,4,5000,4,8,16,9,6,230,611,60018,2,357,15.966
20,60,1,3,1,1,1,3,1,2,0,1,0,0,3,762,EAE65238103,2,0.92,0.49,0.3,0.13524,230,0,0,0,0,-65.6,153.25,180,166.700097480475,8,2,1,1,4,5000,4,2,1,2,6,230,622,60018,2,358,15.966
20,60,1,3,1,1,1,3,1,2,0,1,0,0,3,762,EAE65238103,2,0.92,0.49,0.3,0.13524,230,0,0,0,0,-63.6,162.65,-90,174.642441863368,8,2,1,1,4,5000,2,4,9,10,4,230,412,40011,2,359,14.890
20,60,1,3,1,1,1,3,1,2,0,1,0,0,3,434,EAE62681714,2,1,0.5,0.3,0.15,230,0,0,0,0,-65.6,151.25,180,164.863344925426,8,2,1,1,4,5000,4,2,10,13,4,230,415,40012,1,360,14.890
20,60,1,3,1,1,1,3,1,2,0,1,0,0,3,762,EAE65238103,2,0.92,0.49,0.3,0.13524,230,0,0,0,0,-65.6,163.15,180,175.844483848655,8,2,1,1,4,5000,3,7,9,11,4,230,413,40011,2,361,14.890
20,60,1,3,1,1,1,3,1,2,0,1,0,0,3,762,EAE65238103,2,0.92,0.49,0.3,0.13524,230,0,0,0,0,-57.3,157.55,180,167.64633160317,8,2,1,1,4,5000,4,1,4,1,6,230,621,60018,2,362,15.966
20,60,1,3,1,1,1,3,1,2,0,1,0,0,3,762,EAE65238103,2,0.92,0.49,0.3,0.13524,230,0,0,0,0,-65.6,164.15,180,176.772685955721,8,2,1,1,4,5000,3,3,2,1,4,230,421,40011,2,363,14.890
20,60,1,3,1,1,1,3,1,2,0,1,0,0,3,762,EAE65238103,2,0.92,0.49,0.3,0.13524,230,0,0,0,0,-65.6,152.25,180,165.78124893968,8,2,1,1,4,5000,4,6,7,11,6,230,613,60018,2,364,15.966
20,60,1,3,1,1,1,3,1,2,0,1,0,0,3,762,EAE65238103,2,0.92,0.49,0.3,0.13524,230,0,0,0,0,-64,155.65,180,168.294154681617,8,2,1,1,4,5000,3,7,8,10,6,230,612,60018,2,365,15.966
20,60,1,3,1,1,1,3,1,2,0,1,0,0,3,762,EAE65238103,2,0.92,0.49,0.3,0.13524,230,0,0,0,0,-64,166.55,180,178.423379914181,8,2,1,1,4,5000,1,7,3,13,2,230,215,20014,1,366,15.211
20,60,1,3,1,1,1,3,1,2,0,1,0,0,3,434,EAE62681714,2,1,0.5,0.3,0.15,230,0,0,0,0,-65.6,162.15,180,174.917073208992,8,2,1,1,4,5000,4,1,3,5,4,230,425,40012,1,367,14.890
20,60,1,3,1,1,1,3,1,2,0,1,0,0,3,762,EAE65238103,2,0.92,0.49,0.3,0.13524,230,0,0,0,0,-97.2,176.45,-90,201.450843880089,8,2,1,1,4,5000,2,2,5,14,2,230,216,20014,1,368,15.211
20,60,1,3,1,1,1,3,1,2,0,1,0,0,3,762,EAE65238103,2,0.92,0.49,0.3,0.13524,230,0,0,0,0,-80.1,159.25,-90,178.259845450399,8,2,1,1,4,5000,3,1,4,6,2,230,226,20014,1,369,15.211
20,60,1,3,1,1,1,3,1,2,0,1,0,0,3,762,EAE65238103,2,0.92,0.49,0.3,0.13524,230,0,0,0,0,-76.7,162.85,180,180.008367861053,8,2,1,1,4,5000,3,8,10,12,4,230,414,40011,2,370,14.890
20,60,1,3,1,1,1,3,1,2,0,1,0,0,3,762,EAE65238103,2,0.92,0.49,0.3,0.13524,230,0,0,0,0,-85.5,157.05,180,178.815414603999,8,2,1,1,4,5000,4,4,2,4,6,230,624,60018,2,371,15.966
20,60,1,3,1,1,1,3,1,2,0,1,0,0,3,762,EAE65238103,2,0.92,0.49,0.3,0.13524,230,0,0,0,0,-84.3,161.65,-90,182.3107580479,8,2,1,1,4,5000,2,1,5,4,4,230,424,40011,2,372,14.890
20,60,1,3,1,1,1,3,1,2,0,1,0,0,3,762,EAE65238103,2,0.92,0.49,0.3,0.13524,230,0,0,0,0,-85.9,165.65,-90,186.597782677073,8,2,1,1,4,5000,2,6,10,12,4,230,414,40011,2,373,14.890
20,60,1,3,1,1,1,3,1,2,0,1,0,0,3,762,EAE65238103,2,0.92,0.49,0.3,0.13524,230,0,0,0,0,-81.5,158.75,180,178.448346868218,8,2,1,1,4,5000,3,5,7,12,6,230,614,60018,2,374,15.966
20,60,1,3,1,1,1,3,1,2,0,1,0,0,3,762,EAE65238103,2,0.92,0.49,0.3,0.13524,230,0,0,0,0,-78.7,163.25,-90,181.229833360846,8,2,1,1,4,5000,2,5,11,11,4,230,413,40011,2,375,14.890
20,60,1,3,1,1,1,3,1,2,0,1,0,0,3,762,EAE65238103,2,0.92,0.49,0.3,0.13524,230,0,0,0,0,-86.3,164.35,180,185.630311371823,8,2,1,1,4,5000,4,1,4,4,4,230,424,40011,2,376,14.890
20,60,1,3,1,1,1,3,1,2,0,1,0,0,3,762,EAE65238103,2,0.92,0.49,0.3,0.13524,230,0,0,0,0,-85.9,161.15,-90,182.614710524645,8,2,1,1,4,5000,3,5,4,4,4,230,424,40011,2,377,14.890
20,60,1,3,1,1,1,3,1,2,0,1,0,0,3,762,EAE65238103,2,0.92,0.49,0.3,0.13524,230,0,0,0,0,-81,156.85,-90,176.530231122038,8,2,1,1,4,5000,3,3,3,3,6,230,623,60018,2,378,15.966
20,60,1,3,1,1,1,3,1,2,0,1,0,0,3,762,EAE65238103,2,0.92,0.49,0.3,0.13524,230,0,0,0,0,-76.7,163.85,180,180.913549796581,8,2,1,1,4,5000,3,4,1,2,4,230,422,40011,2,379,14.890
20,60,1,3,1,1,1,3,1,2,0,1,0,0,3,72,0CK331BKFDA,2,0.9,0.5,0.5,0.225,230,0,0,0,0,-49.6,23.55,-90,54.9068529420509,8,2,1,1,4,10000,1,3,2,14,3,230,316,30023,2,380,15.969
20,60,1,3,1,1,1,3,1,2,0,1,0,0,3,762,EAE65238103,2,0.92,0.49,0.3,0.13524,230,0,0,0,0,-82,156.05,-90,176.282734548792,8,2,1,1,4,5000,2,1,2,4,6,230,624,60018,2,381,15.966
20,60,1,3,1,1,1,3,1,2,0,1,0,0,3,423,EAE62681702,2,0.92,0.49,0.3,0.13524,230,0,0,0,0,-43.5,56.15,-90,71.0286737874219,8,2,1,1,4,5000,4,2,15,12,2,230,214,20011,2,382,15.211
20,60,1,3,1,1,1,3,1,2,0,1,0,0,3,606,EAE64344501,2,1,0.5,0.5,0.25,230,0,0,0,0,-98.8,113.45,180,150.440494880866,8,2,1,1,4,5000,2,2,16,15,6,230,617,60020,1,383,15.966
20,60,1,3,1,1,1,3,1,2,0,1,0,0,3,606,EAE64344501,2,1,0.5,0.5,0.25,230,0,0,0,0,-101.6,113.45,180,152.29400021012,8,2,1,1,4,5000,2,1,15,7,6,230,627,60020,1,384,15.966
20,60,1,3,1,1,1,3,1,2,0,1,0,0,3,762,EAE65238103,2,0.92,0.49,0.3,0.13524,230,0,0,0,0,-92.75,116.45,180,148.872982773907,8,2,1,1,4,5000,3,4,14,13,3,230,315,30023,1,385,15.969
20,60,1,3,1,1,1,3,1,2,0,1,0,0,3,752,EAE65237701,2,1,0.5,0.5,0.25,230,0,0,0,0,-93.25,153.7,-90,179.775561464844,8,2,1,1,4,5000,6,1,16,1,4,230,421,40017,2,386,14.890
20,60,1,3,1,1,1,3,1,2,0,1,0,0,3,762,EAE65238103,2,0.92,0.49,0.3,0.13524,230,0,0,0,0,-99,143.6,180,174.418920991961,8,2,1,1,4,5000,5,1,6,9,6,230,611,60018,2,387,15.966
20,60,1,3,1,1,1,3,1,2,0,1,0,0,3,762,EAE65238103,2,0.92,0.49,0.3,0.13524,230,0,0,0,0,-82.8,160.85,-90,180.910371455038,8,2,1,1,4,5000,3,3,7,14,2,230,216,20014,1,388,15.211
20,60,1,3,1,1,1,3,1,2,0,1,0,0,3,762,EAE65238103,2,0.92,0.49,0.3,0.13524,230,0,0,0,0,-87.5,165.65,-90,187.339724831654,8,2,1,1,4,5000,2,2,3,3,4,230,423,40011,2,389,14.890
20,60,1,3,1,1,1,3,1,2,0,1,0,0,3,762,EAE65238103,2,0.92,0.49,0.3,0.13524,230,0,0,0,0,-83.9,165.45,180,185.507176411049,8,2,1,1,4,5000,3,6,3,3,4,230,423,40011,2,390,14.890
20,60,1,3,1,1,1,3,1,2,0,1,0,0,3,762,EAE65238103,2,0.92,0.49,0.3,0.13524,230,0,0,0,0,-85.2,159.05,-90,180.432653641185,8,2,1,1,4,5000,3,4,1,4,6,230,624,60018,2,391,15.966
20,60,1,3,1,1,1,3,1,2,0,1,0,0,3,762,EAE65238103,2,0.92,0.49,0.3,0.13524,230,0,0,0,0,-77.5,156.45,180,174.593391913898,8,2,1,1,4,5000,4,3,3,3,6,230,623,60018,2,392,15.966
20,60,1,3,1,1,1,3,1,2,0,1,0,0,3,762,EAE65238103,2,0.92,0.49,0.3,0.13524,230,0,0,0,0,-73.3,158.75,180,174.855518929201,8,2,1,1,4,5000,3,6,6,11,6,230,613,60018,2,393,15.966
20,60,1,3,1,1,1,3,1,2,0,1,0,0,3,72,0CK331BKFDA,2,0.9,0.5,0.5,0.225,230,0,0,0,0,-97.6,172.75,180,198.41452189797,8,2,1,1,4,10000,6,1,9,8,3,230,328,30023,2,394,15.969
20,60,1,3,1,1,1,3,1,2,0,1,0,0,3,762,EAE65238103,2,0.92,0.49,0.3,0.13524,230,0,0,0,0,-82.8,162.45,-90,182.33442489009,8,2,1,1,4,5000,4,2,7,12,4,230,414,40011,2,395,14.890
20,60,1,3,1,1,1,3,1,2,0,1,0,0,3,762,EAE65238103,2,0.92,0.49,0.3,0.13524,230,0,0,0,0,-83.1,166.75,180,186.309346249725,8,2,1,1,4,5000,2,1,8,6,2,230,226,20014,1,396,15.211
20,60,1,3,1,1,1,3,1,2,0,1,0,0,3,762,EAE65238103,2,0.92,0.49,0.3,0.13524,230,0,0,0,0,-76.3,159.75,-90,177.036020346143,8,2,1,1,4,5000,1,1,7,4,2,230,224,20014,1,397,15.211
20,60,1,3,1,1,1,3,1,2,0,1,0,0,3,762,EAE65238103,2,0.92,0.49,0.3,0.13524,230,0,0,0,0,-76.9,158.05,180,175.765219824629,8,2,1,1,4,5000,4,5,5,12,6,230,614,60018,2,398,15.966
20,60,1,3,1,1,1,3,1,2,0,1,0,0,3,1124,EAH63172901,8,1.03,0.5,0.35,0.18025,230,0,0,0,0,-42.75,145.65,0,151.79421925752,8,2,9,1,3,3000,1,8,15,4,6,230,624,60025,1,399,15.966
20,60,1,3,1,1,1,3,1,2,0,1,0,0,3,2472,EBC64038532,1,1,0.5,0.35,0.175,230,0,0,0,0,-87.3,126.45,-90,153.658362935442,8,2,1,1,4,10000,5,3,12,7,6,230,627,60023,2,400,15.966
20,60,1,3,1,1,1,3,1,2,0,1,0,0,3,235,0RJ0000C678,1,1,0.5,0.35,0.175,230,0,0,0,0,-86.35,121.7,180,149.222024178738,8,2,1,1,4,10000,1,1,9,15,1,230,117,10023,2,401,15.956
20,60,1,3,1,1,1,3,1,2,0,1,0,0,3,235,0RJ0000C678,1,1,0.5,0.35,0.175,230,0,0,0,0,-69.75,60.2,-90,92.1363256267581,8,2,1,1,4,10000,2,7,10,1,1,230,121,10023,2,402,15.956
20,60,1,3,1,1,1,3,1,2,0,1,0,0,3,235,0RJ0000C678,1,1,0.5,0.35,0.175,230,0,0,0,0,-80.8,142.05,180,163.422282752384,8,2,1,1,4,10000,2,2,15,7,1,230,127,10023,2,403,15.956
20,60,1,3,1,1,1,3,1,2,0,1,0,0,3,240,0RJ0222C678,1,1,0.5,0.35,0.175,230,0,0,0,0,-71.75,150.45,-90,166.683127520454,8,2,1,1,4,10000,4,2,1,16,4,230,418,40013,2,404,14.890
20,60,1,3,1,1,1,3,1,2,0,1,0,0,3,240,0RJ0222C678,1,1,0.5,0.35,0.175,230,0,0,0,0,-72.2,148.15,-90,164.8067428839,8,2,1,1,4,10000,4,1,2,8,4,230,428,40013,2,405,14.890
20,60,1,3,1,1,1,3,1,2,0,1,0,0,3,240,0RJ0222C678,1,1,0.5,0.35,0.175,230,0,0,0,0,-70.75,150.45,-90,166.255120221905,8,2,1,1,4,10000,5,1,1,1,4,230,421,40013,2,406,14.890
20,60,1,3,1,1,1,3,1,2,0,1,0,0,3,240,0RJ0222C678,1,1,0.5,0.35,0.175,230,0,0,0,0,-133.1,134.15,-90,188.975745798237,8,2,1,1,4,10000,1,2,11,16,6,230,618,60020,2,407,15.966
20,60,1,3,1,1,1,3,1,2,0,1,0,0,3,235,0RJ0000C678,1,1,0.5,0.35,0.175,230,0,0,0,0,-86.35,120.7,180,148.407589091663,8,2,1,1,4,10000,2,4,14,13,1,230,115,10023,2,408,15.956
20,60,1,3,1,1,1,3,1,2,0,1,0,0,3,240,0RJ0222C678,1,1,0.5,0.35,0.175,230,0,0,0,0,-71.2,148.15,-90,164.371112121321,8,2,1,1,4,10000,5,2,3,9,4,230,411,40013,2,409,14.890
20,60,1,3,1,1,1,3,1,2,0,1,0,0,3,1829,EAP62526801,2,1,0.5,0.5,0.25,230,0,0,0,0,-56.2,151.35,180,161.447398554452,8,2,1,1,4,10000,2,1,11,3,6,230,623,60018,1,410,15.966
20,60,1,3,1,1,1,3,1,2,0,1,0,0,3,1229,EAM62152301,2,0.9,0.45,0.5,0.2025,230,0,0,0,0,-129.6,140.25,-90,190.961311526707,8,2,1,1,4,10000,1,8,2,3,6,230,623,60024,2,411,15.966
20,60,1,3,1,1,1,3,1,2,0,1,0,0,3,1829,EAP62526801,2,1,0.5,0.5,0.25,230,0,0,0,0,-56.2,162.25,180,171.707607577533,8,2,1,1,4,10000,2,2,12,11,6,230,613,60018,1,412,15.966
20,60,1,3,1,1,1,3,1,2,0,1,0,0,3,215,0RH5100C622,1,1.6,0.8,0.45,0.576,235,230,0,0,0,-91,109.7,-90,142.531014168847,8,4,12,1,4,5000,5,2,6,16,4,230,418,40017,1,413,14.890
20,60,1,3,1,1,1,3,1,2,0,1,0,0,3,215,0RH5100C622,1,1.6,0.8,0.45,0.576,235,230,0,0,0,-95.1,111.8,-90,146.776190167207,8,4,12,1,4,5000,5,1,7,8,4,230,428,40017,1,414,14.890
20,60,1,3,1,1,1,3,1,2,0,1,0,0,3,2929,ERHZ0000701,1,1.6,0.8,0.45,0.576,230,235,0,0,0,-50.4,77.95,180,92.8243637198769,8,4,12,1,4,5000,4,2,1,4,7,235,724,70024,1,415,14.806
20,60,1,3,1,1,1,3,1,2,0,1,0,0,3,2407,EBC63977452,1,1.6,0.8,0.45,0.576,230,235,0,0,0,-102,99.7,-90,142.632710133405,8,4,12,1,4,5000,4,2,14,11,3,230,313,30018,2,416,15.969
20,60,1,3,1,1,1,3,1,2,0,1,0,0,3,2407,EBC63977452,1,1.6,0.8,0.45,0.576,230,235,0,0,0,-101.25,102.2,180,143.862442979396,8,4,12,1,4,5000,4,1,13,4,3,230,324,30018,2,417,15.969
20,60,1,3,1,1,1,3,1,2,0,1,0,0,3,355,0RZZR00001E,1,1.6,0.8,0.45,0.576,230,235,0,0,0,-64.1,101.65,180,120.172927483689,8,4,12,1,4,5000,1,1,7,7,5,230,527,50023,1,418,14.697
20,60,1,3,1,1,1,3,1,2,0,1,0,0,3,168,0RH1500C622,1,1.55,0.8,0.45,0.558,230,235,0,0,0,-51.7,94.35,0,107.586302566823,8,4,12,1,4,5000,6,2,9,12,4,230,414,40023,1,419,14.890
20,60,1,3,1,1,1,3,1,2,0,1,0,0,3,2178,EBC40096901,1,1.6,0.8,0.45,0.576,230,0,0,0,0,-58.4,94.35,180,110.961626249799,8,4,2,1,4,5000,6,1,6,4,4,230,424,40019,1,420,14.890
20,60,1,3,1,1,1,3,1,2,0,1,0,0,3,355,0RZZR00001E,1,1.6,0.8,0.45,0.576,230,235,0,0,0,-64.1,97.45,180,116.641812828848,8,4,12,1,4,5000,1,4,15,15,5,230,517,50023,1,421,14.697
20,60,1,3,1,1,1,3,1,2,0,1,0,0,3,2175,EBC34879501,1,1.6,0.8,0.45,0.576,230,235,0,0,0,-88.2,163.25,-90,185.552694671891,8,4,12,1,4,5000,1,4,5,8,7,235,714,70020,1,422,14.806
20,60,1,3,1,1,1,3,1,2,0,1,0,0,3,171,0RH1502C622,1,1.6,0.8,0.45,0.576,230,0,0,0,0,-57.6,96.65,-90,112.512143789015,8,4,12,1,4,5000,6,2,8,13,4,230,415,40023,2,423,14.890
20,60,1,3,1,1,1,3,1,2,0,1,0,0,3,2171,EBC34096601,1,1.6,0.8,0.45,0.576,230,0,0,0,0,-73.3,156.95,180,173.222956042206,8,4,12,1,4,5000,5,3,2,4,6,230,624,60022,1,424,15.966
20,60,1,3,1,1,1,3,1,2,0,1,0,0,3,2171,EBC34096601,1,1.6,0.8,0.45,0.576,230,0,0,0,0,-73.3,164.75,180,180.320416204045,8,4,12,1,4,5000,5,2,13,15,6,230,617,60022,1,425,15.966
20,60,1,3,1,1,1,3,1,2,0,1,0,0,3,2171,EBC34096601,1,1.6,0.8,0.45,0.576,230,0,0,0,0,-73.3,166.55,180,181.966459821584,8,4,12,1,4,5000,5,1,15,16,6,230,618,60022,1,426,15.966
20,60,1,3,1,1,1,3,1,2,0,1,0,0,3,2171,EBC34096601,1,1.6,0.8,0.45,0.576,230,0,0,0,0,-73.3,155.15,180,171.59374260153,8,4,12,1,4,5000,1,6,13,5,6,230,625,60022,1,427,15.966
20,60,1,3,1,1,1,3,1,2,0,1,0,0,3,355,0RZZR00001E,1,1.6,0.8,0.45,0.576,230,235,0,0,0,-54.7,94.35,180,109.059674032155,8,4,12,1,4,5000,3,2,13,7,5,230,527,50023,1,428,14.697
20,60,1,3,1,1,1,3,1,2,0,1,0,0,3,2929,ERHZ0000701,1,1.6,0.8,0.45,0.576,230,235,0,0,0,-57.6,99.55,-90,115.012879713535,8,4,12,1,4,5000,2,1,3,4,7,235,724,70024,1,429,14.806
20,60,1,3,1,1,1,3,1,2,0,1,0,0,3,230,0RH8201C622,1,1.6,0.8,0.45,0.576,230,0,0,0,0,-54.7,101.65,180,115.433151650642,8,4,12,1,4,5000,5,3,11,5,6,230,625,60022,2,430,15.966
20,60,1,3,1,1,1,3,1,2,0,1,0,0,3,416,EAE62582401,7,1.6,0.8,0.8,1.024,230,0,0,0,0,-91.5,121.45,180,152.060358081914,8,4,2,1,4,3000,6,2,5,11,2,230,213,20011,1,431,15.211
20,60,1,3,1,1,1,3,1,2,0,1,0,0,3,416,EAE62582401,7,1.6,0.8,0.8,1.024,230,0,0,0,0,-91.5,122.95,180,153.261059959795,8,4,2,1,4,3000,5,1,7,3,2,230,223,20011,1,432,15.211
20,60,1,3,1,1,1,3,1,2,0,1,0,0,3,572,EAE63762101,2,1.6,0.8,0.8,1.024,230,235,0,0,0,-77.3,27.55,180,82.062735148178,8,4,2,1,4,5000,4,2,16,11,4,230,413,40011,1,433,14.890
20,60,1,3,1,1,1,3,1,2,0,1,0,0,3,30,0CH4010K012,2,1.6,0.8,0.8,1.024,230,0,0,0,0,-35.4,150.45,-90,154.558605389671,8,4,2,1,4,5000,6,2,4,9,4,230,411,40021,2,434,14.890
20,60,1,3,1,1,1,3,1,2,0,1,0,0,3,515,EAE63422402,2,1.6,0.8,0.8,1.024,230,235,0,0,0,-52.8,86.15,180,101.042874563227,8,4,2,1,4,5000,2,2,6,8,7,235,714,70024,2,435,14.806
20,60,1,3,1,1,1,3,1,2,0,1,0,0,3,400,EAE32831201,2,1.5,0.8,0.8,0.96,230,0,0,0,0,-33.9,150.45,-90,154.221958553249,8,4,2,1,4,5000,5,3,16,6,6,230,626,60023,1,436,15.966
20,60,1,3,1,1,1,3,1,2,0,1,0,0,3,416,EAE62582401,7,1.6,0.8,0.8,1.024,230,0,0,0,0,-90,118.45,180,148.762907003056,8,4,2,1,4,3000,5,2,11,11,2,230,213,20011,1,437,15.211
20,60,1,3,1,1,1,3,1,2,0,1,0,0,3,416,EAE62582401,7,1.6,0.8,0.8,1.024,230,0,0,0,0,-90,119.95,180,149.9600030008,8,4,2,1,4,3000,6,1,4,3,2,230,223,20011,1,438,15.211
20,60,1,3,1,1,1,3,1,2,0,1,0,0,3,26,0CH1393K512,2,1.6,0.8,0.8,1.024,230,235,0,0,0,-55.7,170.95,180,179.795418462207,8,4,2,1,4,5000,5,1,15,4,4,230,424,40015,1,439,14.890
20,60,1,3,1,1,1,3,1,2,0,1,0,0,3,405,EAE41518401,2,1.55,0.8,0.8,0.992,230,0,0,0,0,-55,158.55,180,167.818659570383,8,4,2,1,4,5000,5,3,3,2,6,230,622,60021,1,440,15.966
20,60,1,3,1,1,1,3,1,2,0,1,0,0,3,416,EAE62582401,7,1.6,0.8,0.8,1.024,230,0,0,0,0,-90,116.95,180,147.571347151132,8,4,2,1,4,3000,4,2,7,11,2,230,213,20011,1,441,15.211
20,60,1,3,1,1,1,3,1,2,0,1,0,0,3,416,EAE62582401,7,1.6,0.8,0.8,1.024,230,0,0,0,0,-90,115.45,180,146.385458635754,8,4,2,1,4,3000,4,1,6,3,2,230,223,20011,1,442,15.211
20,60,1,3,1,1,1,3,1,2,0,1,0,0,3,809,EAE65265401,2,1.6,0.8,0.8,1.024,230,235,0,0,0,-91.1,174.05,-90,196.450025451767,8,4,2,1,4,5000,5,1,16,7,4,230,427,40016,2,443,14.890
20,60,1,3,1,1,1,3,1,2,0,1,0,0,3,572,EAE63762101,2,1.6,0.8,0.8,1.024,230,235,0,0,0,-83.1,17.65,180,84.9537079826419,8,4,2,1,4,5000,4,1,15,3,4,230,423,40011,1,444,14.890
20,60,1,3,1,1,1,3,1,2,0,1,0,0,3,754,EAE65237801,2,1.6,0.8,0.8,1.024,230,235,0,0,0,-86.4,83.95,180,120.468097436624,8,4,2,1,4,5000,5,4,8,6,5,230,526,50022,2,445,14.697
20,60,1,3,1,1,1,3,1,2,0,1,0,0,3,754,EAE65237801,2,1.6,0.8,0.8,1.024,230,235,0,0,0,-92.4,125.5,-90,155.84610999316,8,4,2,1,4,5000,2,4,10,6,5,230,526,50022,2,446,14.697
20,60,1,3,1,1,1,3,1,2,0,1,0,0,3,754,EAE65237801,2,1.6,0.8,0.8,1.024,230,235,0,0,0,-90.2,55.35,-90,105.828457892951,8,4,2,1,4,5000,3,2,3,6,5,230,526,50022,2,447,14.697
20,60,1,3,1,1,1,3,1,2,0,1,0,0,3,35,0CH4100K412,2,1.6,0.8,0.8,1.024,230,235,0,0,0,-29.4,162.15,180,164.79375746672,8,4,2,1,4,5000,1,3,7,3,7,235,723,70017,1,448,14.806
20,60,1,3,1,1,1,3,1,2,0,1,0,0,3,809,EAE65265401,2,1.6,0.8,0.8,1.024,230,235,0,0,0,-94.7,168.85,180,193.593420601011,8,4,2,1,4,5000,5,2,11,15,4,230,417,40016,2,449,14.890
20,60,1,3,1,1,1,3,1,2,0,1,0,0,3,4,0CC102CK41A,2,1.42,0.7,0.8,0.7952,235,230,0,0,0,-43.2,143.55,-90,149.909447667584,8,4,2,1,4,5000,4,1,8,1,4,230,421,40010,1,450,14.890
20,60,1,3,1,1,1,3,1,2,0,1,0,0,3,754,EAE65237801,2,1.6,0.8,0.8,1.024,230,235,0,0,0,-89.9,86.85,180,124.999729999708,8,4,2,1,4,5000,1,1,10,6,5,230,526,50022,2,451,14.697
20,60,1,3,1,1,1,3,1,2,0,1,0,0,3,754,EAE65237801,2,1.6,0.8,0.8,1.024,230,235,0,0,0,-89.4,83.95,180,122.63752484456,8,4,2,1,4,5000,2,3,7,15,5,230,517,50022,2,452,14.697
20,60,1,3,1,1,1,3,1,2,0,1,0,0,3,754,EAE65237801,2,1.6,0.8,0.8,1.024,230,235,0,0,0,-81.05,77.45,180,112.105329935735,8,4,2,1,4,5000,1,4,8,14,5,235,516,50022,2,453,14.697
20,60,1,3,1,1,1,3,1,2,0,1,0,0,3,4,0CC102CK41A,2,1.42,0.7,0.8,0.7952,235,230,0,0,0,-31.7,156.55,-90,159.727244075643,8,4,2,1,4,5000,4,2,9,9,4,230,411,40010,1,454,14.890
20,60,1,3,1,1,1,3,1,2,0,1,0,0,3,27,0CH1682K562,2,1.6,0.8,0.8,1.024,230,235,0,0,0,-74.3,114.65,-90,136.62032242679,8,4,2,1,4,5000,5,2,4,2,3,230,322,30021,2,455,15.969
20,60,1,3,1,1,1,3,1,2,0,1,0,0,3,515,EAE63422402,2,1.6,0.8,0.8,1.024,230,235,0,0,0,-28.7,159.85,-90,162.406011280371,8,4,2,1,4,5000,4,4,8,8,7,235,714,70024,2,456,14.806
20,60,1,3,1,1,1,3,1,2,0,1,0,0,3,27,0CH1682K562,2,1.6,0.8,0.8,1.024,230,235,0,0,0,-71.1,114.65,-90,134.906754834589,8,4,2,1,4,5000,5,4,6,9,3,230,311,30021,2,457,15.969
20,60,1,3,1,1,1,3,1,2,0,1,0,0,3,26,0CH1393K512,2,1.6,0.8,0.8,1.024,230,235,0,0,0,-55.7,160.05,180,169.465313560032,8,4,2,1,4,5000,5,2,10,12,4,230,414,40015,1,458,14.890
20,60,1,3,1,1,1,3,1,2,0,1,0,0,3,405,EAE41518401,2,1.55,0.8,0.8,0.992,230,0,0,0,0,-55,169.45,180,178.152469811676,8,4,2,1,4,5000,5,1,14,14,6,230,616,60021,1,459,15.966
20,60,1,3,1,1,1,3,1,2,0,1,0,0,3,515,EAE63422402,2,1.6,0.8,0.8,1.024,230,235,0,0,0,-85.8,144.55,-90,168.096229880387,8,4,2,1,4,5000,4,5,7,7,7,235,713,70024,2,460,14.806
20,60,1,3,1,1,1,3,1,2,0,1,0,0,3,632,EAE64465401,2,1.6,0.8,0.8,1.024,230,0,0,0,0,-93,115.2,180,148.054179272319,8,4,2,1,4,5000,6,2,5,15,4,230,417,40024,2,461,14.890
20,60,1,3,1,1,1,3,1,2,0,1,0,0,3,515,EAE63422402,2,1.6,0.8,0.8,1.024,230,235,0,0,0,-49.5,67.05,180,83.342381175486,8,4,2,1,4,5000,3,3,5,8,7,235,714,70024,2,462,14.806
20,60,1,3,1,1,1,3,1,2,0,1,0,0,3,768,EAE65238201,7,1.5,0.75,0.8,0.9,230,0,0,0,0,-51.5,101.65,180,113.951623507522,8,4,2,1,4,3000,3,1,11,15,5,230,517,50019,1,463,14.697
20,60,1,3,1,1,1,3,1,2,0,1,0,0,3,29,0CH1823F562,2,1.6,0.8,0.8,1.024,230,0,0,0,0,-68.5,148.75,-90,163.764503174528,8,4,2,1,4,5000,6,2,2,14,4,230,416,40024,1,464,14.890
20,60,1,3,1,1,1,3,1,2,0,1,0,0,3,27,0CH1682K562,2,1.6,0.8,0.8,1.024,230,235,0,0,0,-69.5,114.65,-90,134.070401282311,8,4,2,1,4,5000,5,3,7,10,3,230,312,30021,2,465,15.969
20,60,1,3,1,1,1,3,1,2,0,1,0,0,3,27,0CH1682K562,2,1.6,0.8,0.8,1.024,230,235,0,0,0,-72.7,114.65,-90,135.75681382531,8,4,2,1,4,5000,5,1,5,1,3,230,321,30021,2,466,15.969
20,60,1,3,1,1,1,3,1,2,0,1,0,0,3,754,EAE65237801,2,1.6,0.8,0.8,1.024,230,235,0,0,0,-137.7,117.05,-90,180.726291667815,8,4,2,1,4,5000,4,2,11,15,5,230,517,50022,2,467,14.697
20,60,1,3,1,1,1,3,1,2,0,1,0,0,3,754,EAE65237801,2,1.6,0.8,0.8,1.024,230,235,0,0,0,-81.05,84.95,180,117.41211606985,8,4,2,1,4,5000,2,2,8,16,5,230,518,50022,2,468,14.697
20,60,1,3,1,1,1,3,1,2,0,1,0,0,3,754,EAE65237801,2,1.6,0.8,0.8,1.024,230,235,0,0,0,-98.9,176.65,-90,202.45106198783,8,4,2,1,4,5000,4,3,9,6,5,230,526,50022,2,469,14.697
20,60,1,3,1,1,1,3,1,2,0,1,0,0,3,1224,EAM60887206,7,1.5,0.75,0.8,0.9,230,0,0,0,0,-103.3,175.35,180,203.515386396213,8,4,2,1,4,5000,5,2,12,6,1,230,126,10023,1,470,15.956
20,60,1,3,1,1,1,3,1,2,0,1,0,0,3,1224,EAM60887206,7,1.5,0.75,0.8,0.9,230,0,0,0,0,-140.8,78.65,180,161.277594538113,8,4,2,1,4,5000,5,4,16,14,1,230,116,10023,1,471,15.956
20,60,1,3,1,1,1,3,1,2,0,1,0,0,3,1224,EAM60887206,7,1.5,0.75,0.8,0.9,230,0,0,0,0,-69.75,76.2,180,103.30296462348,8,4,2,1,4,5000,5,1,2,5,1,230,125,10023,1,472,15.956
20,60,1,3,1,1,1,3,1,2,0,1,0,0,3,132,0LCTD00034A,7,1.4,0.65,0.8,0.728,230,0,0,0,0,-50.25,60.7,180,78.8007138292541,8,4,2,1,4,5000,4,2,8,15,3,230,317,30020,2,473,15.969
20,60,1,3,1,1,1,3,1,2,0,1,0,0,3,132,0LCTD00034A,7,1.4,0.65,0.8,0.728,230,0,0,0,0,-50.25,59.2,180,77.6511590383556,8,4,2,1,4,5000,4,1,5,8,3,230,328,30020,2,474,15.969
20,60,1,3,1,1,1,3,1,2,0,1,0,0,3,1258,EAM63710605,7,1.5,0.75,0.8,0.9,230,0,0,0,0,-90,167.15,180,189.839728455347,8,4,2,1,4,5000,4,2,2,10,2,230,212,20010,2,475,15.211
20,60,1,3,1,1,1,3,1,2,0,1,0,0,3,1258,EAM63710605,7,1.5,0.75,0.8,0.9,230,0,0,0,0,-81,174.45,-90,192.337730307914,8,4,2,1,4,5000,6,1,1,2,2,230,222,20010,2,476,15.211
20,60,1,3,1,1,1,3,1,2,0,1,0,0,3,1258,EAM63710605,7,1.5,0.75,0.8,0.9,230,0,0,0,0,-84.2,174.45,-90,193.707104929066,8,4,2,1,4,5000,5,1,2,2,2,230,222,20010,2,477,15.211
20,60,1,3,1,1,1,3,1,2,0,1,0,0,3,1258,EAM63710605,7,1.5,0.75,0.8,0.9,230,0,0,0,0,-82.6,174.45,-90,193.017000546584,8,4,2,1,4,5000,5,2,3,10,2,230,212,20010,2,478,15.211
20,60,1,3,1,1,1,3,1,2,0,1,0,0,3,1258,EAM63710605,7,1.5,0.75,0.8,0.9,230,0,0,0,0,-90,168.75,180,191.25,8,4,2,1,4,5000,4,1,1,2,2,230,222,20010,2,479,15.211
20,60,1,3,1,1,1,3,1,2,0,1,0,0,3,1258,EAM63710605,7,1.5,0.75,0.8,0.9,230,0,0,0,0,-90,170.35,180,192.66323598445,8,4,2,1,4,5000,6,2,2,10,2,230,212,20010,2,480,15.211
20,60,1,3,1,1,1,3,1,2,0,1,0,0,3,1161,EAH64053301,2,2.55,0.75,0.8,1.53,230,235,0,0,0,-15.6,22.25,180,27.1739305217335,8,4,4,1,3,5000,4,5,1,7,5,230,527,50023,2,481,14.697
20,60,1,3,1,1,1,3,1,2,0,1,0,0,3,1161,EAH64053301,2,2.55,0.75,0.8,1.53,230,235,0,0,0,-15.6,24.25,180,28.8343978608883,8,4,4,1,3,5000,4,3,2,8,5,230,528,50023,2,482,14.697
20,60,1,3,1,1,1,3,1,2,0,1,0,0,3,1161,EAH64053301,2,2.55,0.75,0.8,1.53,230,235,0,0,0,-49.5,70.25,90,85.9378409084147,8,4,4,1,3,5000,2,4,6,8,5,230,528,50023,2,483,14.697
20,60,1,3,1,1,1,3,1,2,0,1,0,0,3,1161,EAH64053301,2,2.55,0.75,0.8,1.53,230,235,0,0,0,-46.5,65.55,-90,80.3682306636148,8,4,4,1,3,5000,3,2,6,8,5,230,528,50023,2,484,14.697
20,60,1,3,1,1,1,3,1,2,0,1,0,0,3,1161,EAH64053301,2,2.55,0.75,0.8,1.53,230,235,0,0,0,-46.25,56.1,0,72.7067569074567,8,4,4,1,3,5000,5,5,5,16,5,230,518,50023,2,485,14.697
20,60,1,3,1,1,1,3,1,2,0,1,0,0,3,1161,EAH64053301,2,2.55,0.75,0.8,1.53,230,235,0,0,0,-46.25,54.4,0,71.4032387220636,8,4,4,1,3,5000,5,6,4,15,5,230,517,50023,2,486,14.697
20,60,1,3,1,1,1,3,1,2,0,1,0,0,3,1161,EAH64053301,2,2.55,0.75,0.8,1.53,230,235,0,0,0,-15.4,65.35,180,67.1400215966602,8,4,4,1,3,5000,1,1,4,8,5,230,528,50023,2,487,14.697
20,60,1,3,1,1,1,3,1,2,0,1,0,0,3,1161,EAH64053301,2,2.55,0.75,0.8,1.53,230,235,0,0,0,-46.25,50.8,0,68.7000909751945,8,4,4,1,3,5000,5,8,2,11,5,235,513,50023,2,488,14.697
20,60,1,3,1,1,1,3,1,2,0,1,0,0,3,1161,EAH64053301,2,2.55,0.75,0.8,1.53,230,235,0,0,0,-46.25,48.9,0,67.3072990098399,8,4,4,1,3,5000,5,9,1,10,5,235,512,50023,2,489,14.697
20,60,1,3,1,1,1,3,1,2,0,1,0,0,3,1161,EAH64053301,2,2.55,0.75,0.8,1.53,230,235,0,0,0,-15.6,46.25,180,48.810065560292,8,4,4,1,3,5000,1,4,3,16,5,230,518,50023,2,490,14.697
20,60,1,3,1,1,1,3,1,2,0,1,0,0,3,1161,EAH64053301,2,2.55,0.75,0.8,1.53,230,235,0,0,0,-46.25,60.15,0,75.8754571650148,8,4,4,1,3,5000,2,6,5,7,5,230,527,50023,2,491,14.697
20,60,1,3,1,1,1,3,1,2,0,1,0,0,3,1161,EAH64053301,2,2.55,0.75,0.8,1.53,230,235,0,0,0,-46.25,58,0,74.1826293683366,8,4,4,1,3,5000,5,3,7,7,5,230,527,50023,2,492,14.697
20,60,1,3,1,1,1,3,1,2,0,1,0,0,3,1161,EAH64053301,2,2.55,0.75,0.8,1.53,230,235,0,0,0,-46.25,62.2,0,77.510660557113,8,4,4,1,3,5000,5,4,6,8,5,230,528,50023,2,493,14.697
20,60,1,3,1,1,1,3,1,2,0,1,0,0,3,1161,EAH64053301,2,2.55,0.75,0.8,1.53,230,235,0,0,0,-46.25,52.5,0,69.9665098457827,8,4,4,1,3,5000,5,7,3,14,5,235,516,50023,2,494,14.697
20,60,1,3,1,1,1,3,1,2,0,1,0,0,3,160,0RH1003D622,1,2,1.2,0.5,1.2,1001,235,0,0,0,-52.3,20.45,180,56.1559658451353,8,4,2,1,4,5000,1,3,1,2,7,235,722,70016,1,495,14.806
20,60,1,3,1,1,1,3,1,2,0,1,0,0,3,2200,EBC62528401,1,2,1.2,0.45,1.08,235,0,0,0,0,-91.5,101.7,-90,136.803289434136,8,4,2,1,4,10000,3,4,12,3,5,235,523,50021,1,496,14.697
20,60,1,3,1,1,1,3,1,2,0,1,0,0,3,2200,EBC62528401,1,2,1.2,0.45,1.08,235,0,0,0,0,-131.2,123.55,-90,180.21665433583,8,4,2,1,4,10000,2,5,9,3,5,235,523,50021,1,497,14.697
20,60,1,3,1,1,1,3,1,2,0,1,0,0,3,2200,EBC62528401,1,2,1.2,0.45,1.08,235,0,0,0,0,-64.2,148.35,-90,161.645793326025,8,4,2,1,4,10000,4,4,7,3,5,235,523,50021,1,498,14.697
20,60,1,3,1,1,1,3,1,2,0,1,0,0,3,2200,EBC62528401,1,2,1.2,0.45,1.08,235,0,0,0,0,-63.9,61.05,-90,88.3759724133206,8,4,2,1,4,10000,1,3,2,3,5,235,523,50021,1,499,14.697
20,60,1,3,1,1,1,3,1,2,0,1,0,0,3,2200,EBC62528401,1,2,1.2,0.45,1.08,235,0,0,0,0,-93.5,101.7,-90,138.148977556839,8,4,2,1,4,10000,1,6,16,11,5,235,513,50021,1,500,14.697
20,60,1,3,1,1,1,3,1,2,0,1,0,0,3,80,0CK475DF40A,2,2,1.2,1.15,2.76,235,0,0,0,0,-101.6,27.05,-90,105.13925289824,8,4,4,1,3,5000,1,4,3,7,7,235,713,70019,1,501,14.806
20,60,1,3,1,1,1,3,1,2,0,1,0,0,3,66,0CK225DD56A,2,2,1.2,0.8,1.92,235,0,0,0,0,-94.9,164.95,180,190.301110086095,8,4,4,1,3,5000,2,1,12,9,5,235,511,50013,1,502,14.697
20,60,1,3,1,1,1,3,1,2,0,1,0,0,3,407,EAE52158501,2,1.9,1.2,1.2,2.736,235,0,0,0,0,-100.8,176.35,-90,203.125484614807,8,4,4,1,3,5000,4,1,8,11,5,235,513,50017,1,503,14.697
20,60,1,3,1,1,1,3,1,2,0,1,0,0,3,407,EAE52158501,2,1.9,1.2,1.2,2.736,235,0,0,0,0,-89.2,174.25,-90,195.754188971782,8,4,4,1,3,5000,3,1,9,11,5,235,513,50017,1,504,14.697
20,60,1,3,1,1,1,3,1,2,0,1,0,0,3,1147,EAH63553701,8,2.5,0.75,0.8,1.5,230,1001,0,0,0,-111.3,139.65,90,178.577189192797,8,4,4,1,3,3000,3,1,8,16,5,230,518,50019,2,505,14.697
20,60,1,3,1,1,1,3,1,2,0,1,0,0,3,1114,EAH62319001,8,2.55,0.85,0.8,1.734,235,1001,0,0,0,-136.7,46.05,-90,144.248024249901,8,4,4,1,3,3000,5,4,11,5,5,235,525,50022,1,506,14.697
20,60,1,3,1,1,1,3,1,2,0,1,0,0,3,1114,EAH62319001,8,2.55,0.85,0.8,1.734,235,1001,0,0,0,-121.3,46.05,-90,129.747032721369,8,4,4,1,3,3000,2,4,1,5,5,235,525,50022,1,507,14.697
20,60,1,3,1,1,1,3,1,2,0,1,0,0,3,1114,EAH62319001,8,2.55,0.85,0.8,1.734,235,1001,0,0,0,-126.7,46.05,-90,134.809096503166,8,4,4,1,3,3000,3,2,2,5,5,235,525,50022,1,508,14.697
20,60,1,3,1,1,1,3,1,2,0,1,0,0,3,1147,EAH63553701,8,2.5,0.75,0.8,1.5,230,1001,0,0,0,-111.8,129.15,-90,170.818507486747,8,4,4,1,3,3000,4,1,10,16,5,230,518,50019,2,509,14.697
20,60,1,3,1,1,1,3,1,2,0,1,0,0,3,1114,EAH62319001,8,2.55,0.85,0.8,1.734,235,1001,0,0,0,-131.8,46.05,90,139.613188846899,8,4,4,1,3,3000,4,3,16,5,5,235,525,50022,1,510,14.697
20,60,1,3,1,1,1,3,1,2,0,1,0,0,3,1114,EAH62319001,8,2.55,0.85,0.8,1.734,235,1001,0,0,0,-118.6,61.95,90,133.80494198646,8,4,4,1,3,3000,1,4,13,13,5,235,515,50022,1,511,14.697
20,60,1,3,1,1,1,3,1,2,0,1,0,0,3,1114,EAH62319001,8,2.55,0.85,0.8,1.734,235,1001,0,0,0,-111.15,88.45,90,142.04831924384,8,4,4,1,3,3000,1,1,14,5,5,235,525,50022,1,512,14.697
20,60,1,3,1,1,1,3,1,2,0,1,0,0,3,1114,EAH62319001,8,2.55,0.85,0.8,1.734,235,1001,0,0,0,-141.6,46.05,-90,148.899840496892,8,4,4,1,3,3000,5,5,12,13,5,235,515,50022,1,513,14.697
20,60,1,3,1,1,1,3,1,2,0,1,0,0,3,1310,EAN38670501,16,2.74,2.21,0.9,5.44986,235,1001,0,0,0,-94.8,172.15,180,196.526493124973,8,4,4,1,3,3000,5,1,14,2,5,235,522,50011,2,514,14.697
20,60,1,3,1,1,1,3,1,2,0,1,0,0,3,1228,EAM62152001,7,1.83,1.13,0.7,1.44753,235,0,0,0,0,-87.2,174.25,-90,194.850975106618,8,4,2,1,4,5000,5,2,15,9,5,235,511,50016,2,515,14.697
20,60,1,3,1,1,1,3,1,2,0,1,0,0,3,1228,EAM62152001,7,1.83,1.13,0.7,1.44753,235,0,0,0,0,-81.3,83.15,180,116.291068014702,8,4,2,1,4,5000,4,1,5,10,5,235,512,50016,2,516,14.697
20,60,1,3,1,1,1,3,1,2,0,1,0,0,3,1228,EAM62152001,7,1.83,1.13,0.7,1.44753,235,0,0,0,0,-81.3,75.65,180,111.052296239204,8,4,2,1,4,5000,3,1,14,10,5,235,512,50016,2,517,14.697
20,60,1,3,1,1,1,3,1,2,0,1,0,0,3,1116,EAH62334101,8,3.7,1.5,1.15,6.3825,235,0,0,0,0,-110.05,93.2,90,144.2124907905,8,4,4,1,3,3000,1,3,9,4,5,235,524,50021,2,518,14.697
20,60,1,3,1,1,1,3,1,2,0,1,0,0,3,1116,EAH62334101,8,3.7,1.5,1.15,6.3825,235,0,0,0,0,-133.9,44.65,90,141.148264247209,8,4,4,1,3,3000,5,4,10,4,5,235,524,50021,2,519,14.697
20,60,1,3,1,1,1,3,1,2,0,1,0,0,3,1116,EAH62334101,8,3.7,1.5,1.15,6.3825,235,0,0,0,0,-123.8,44.65,90,131.605708462817,8,4,4,1,3,3000,5,5,9,12,5,235,514,50021,2,520,14.697
20,60,1,3,1,1,1,3,1,2,0,1,0,0,3,1116,EAH62334101,8,3.7,1.5,1.15,6.3825,235,0,0,0,0,-138.8,44.65,90,145.804878176281,8,4,4,1,3,3000,3,4,1,4,5,235,524,50021,2,521,14.697
20,60,1,3,1,1,1,3,1,2,0,1,0,0,3,1116,EAH62334101,8,3.7,1.5,1.15,6.3825,235,0,0,0,0,-118.5,44.65,90,126.632825523243,8,4,4,1,3,3000,4,4,15,4,5,235,524,50021,2,522,14.697
20,60,1,3,1,1,1,3,1,2,0,1,0,0,3,1116,EAH62334101,8,3.7,1.5,1.15,6.3825,235,0,0,0,0,-129,44.65,90,136.508690199562,8,4,4,1,3,3000,2,5,2,4,5,235,524,50021,2,523,14.697
20,60,1,3,1,1,1,3,1,2,0,1,0,0,3,1116,EAH62334101,8,3.7,1.5,1.15,6.3825,235,0,0,0,0,-120.9,63.25,-90,136.445492780084,8,4,4,1,3,3000,1,6,12,12,5,235,514,50021,2,524,14.697
20,60,1,3,1,1,1,3,1,2,0,1,0,0,3,364,0TRON80001C,14,2.45,2.268,1,5.5566,235,0,0,0,0,-124.2,50.45,-90,134.055371022574,8,4,4,1,3,3000,4,3,12,2,5,235,522,50020,2,525,14.697
20,60,1,3,1,1,1,3,1,2,0,1,0,0,3,364,0TRON80001C,14,2.45,2.268,1,5.5566,235,0,0,0,0,-134.3,50.45,-90,143.463209569562,8,4,4,1,3,3000,4,5,13,1,5,235,521,50020,2,526,14.697
20,60,1,3,1,1,1,3,1,2,0,1,0,0,3,364,0TRON80001C,14,2.45,2.268,1,5.5566,235,0,0,0,0,-118.9,50.45,-90,129.160413827148,8,4,4,1,3,3000,3,3,5,2,5,235,522,50020,2,527,14.697
20,60,1,3,1,1,1,3,1,2,0,1,0,0,3,364,0TRON80001C,14,2.45,2.268,1,5.5566,235,0,0,0,0,-120.2,57.45,90,133.223655932421,8,4,4,1,3,3000,1,5,11,10,5,235,512,50020,2,528,14.697
20,60,1,3,1,1,1,3,1,2,0,1,0,0,3,364,0TRON80001C,14,2.45,2.268,1,5.5566,235,0,0,0,0,-129.4,50.45,-90,138.886869429763,8,4,4,1,3,3000,2,6,4,1,5,235,521,50020,2,529,14.697
20,60,1,3,1,1,1,3,1,2,0,1,0,0,3,364,0TRON80001C,14,2.45,2.268,1,5.5566,235,0,0,0,0,-139.2,50.45,-90,148.060266445796,8,4,4,1,3,3000,2,4,3,2,5,235,522,50020,2,530,14.697
20,60,1,3,1,1,1,3,1,2,0,1,0,0,3,364,0TRON80001C,14,2.45,2.268,1,5.5566,235,0,0,0,0,-93,78.95,90,121.992223112787,8,4,4,1,3,3000,1,2,6,2,5,235,522,50020,2,531,14.697
20,60,1,3,1,1,1,3,1,2,0,1,0,0,3,1128,EAH63174401,14,2.4,2.28,1,5.472,235,0,0,0,0,-94.55,53.65,180,108.710740039796,8,4,6,1,3,3000,3,2,16,1,5,235,521,50020,1,532,14.697
20,60,1,3,1,1,1,3,1,2,0,1,0,0,3,1128,EAH63174401,14,2.4,2.28,1,5.472,235,0,0,0,0,-56.4,21.45,0,60.341217256532,8,4,6,1,3,3000,1,1,1,1,5,235,521,50020,1,533,14.697
20,60,1,3,1,1,1,3,1,2,0,1,0,0,3,1128,EAH63174401,14,2.4,2.28,1,5.472,235,0,0,0,0,-76.55,49.65,0,91.2415749535265,8,4,6,1,3,3000,1,4,5,9,5,235,511,50020,1,534,14.697
20,60,1,3,1,1,1,3,1,2,0,1,0,0,3,143,0RH0102G622,1,3.01,1.55,0.55,2.566025,235,0,0,0,0,-51.4,98.05,-90,110.705747366611,8,4,2,1,4,5000,2,1,1,3,7,235,723,70023,1,535,14.806
20,60,1,3,1,1,1,3,1,2,0,1,0,0,3,143,0RH0102G622,1,3.01,1.55,0.55,2.566025,235,0,0,0,0,-49,98.05,-90,109.612054537811,8,4,2,1,4,5000,4,2,4,3,7,235,723,70023,1,536,14.806
20,60,1,3,1,1,1,3,1,2,0,1,0,0,3,137,0RH0000E622,1,3.2,1.6,0.55,2.816,235,0,0,0,0,-102.75,106.7,-90,148.129850131565,8,4,2,1,4,5000,3,1,4,2,7,235,722,70018,2,537,14.806
20,60,1,3,1,1,1,3,1,2,0,1,0,0,3,124,0IPRPNS034A,16,2.28,1.92,0.9,3.93984,235,0,0,0,0,-136.5,113.65,90,177.619178300092,8,4,4,1,3,3000,1,3,4,4,7,235,724,70018,1,538,14.806
20,60,1,3,1,1,1,3,1,2,0,1,0,0,3,1179,EAH64254001,14,2.4,2.28,1,5.472,235,0,0,0,0,-60.5,97.45,180,114.702887932257,8,4,6,1,3,3000,2,3,7,7,7,235,713,70023,2,539,14.806
20,60,1,3,1,1,1,3,1,2,0,1,0,0,3,1179,EAH64254001,14,2.4,2.28,1,5.472,235,0,0,0,0,-60.5,101.65,180,118.291895326772,8,4,6,1,3,3000,3,4,3,7,7,235,713,70023,2,540,14.806
20,60,1,3,1,1,1,3,1,2,0,1,0,0,3,782,EAE65238402,2,3.2,1.6,1.6,8.192,235,0,0,0,0,-89.9,27.05,180,93.8813746171199,8,4,4,1,3,5000,4,1,3,9,5,235,511,50016,1,541,14.697
20,60,1,3,1,1,1,3,1,2,0,1,0,0,3,413,EAE61081701,2,3.1,1.6,1.63,8.0848,235,0,0,0,0,-56.7,85.25,-90,102.383848823923,8,4,4,1,3,5000,4,2,3,2,7,235,722,70022,1,542,14.806
20,60,1,3,1,1,1,3,1,2,0,1,0,0,3,782,EAE65238402,2,3.2,1.6,1.6,8.192,235,0,0,0,0,-90.2,51.45,-90,103.841911095665,8,4,4,1,3,5000,3,1,15,9,5,235,511,50016,1,543,14.697
20,60,1,3,1,1,1,3,1,2,0,1,0,0,3,413,EAE61081701,2,3.1,1.6,1.63,8.0848,235,0,0,0,0,-96.45,106.05,-90,143.349938960573,8,4,4,1,3,5000,5,7,1,8,7,235,714,70022,1,544,14.806
20,60,1,3,1,1,1,3,1,2,0,1,0,0,3,569,EAE63742401,2,3,1.5,1.63,7.335,235,0,0,0,0,-87.5,71.7,-90,113.124444750019,8,4,4,1,3,5000,3,1,8,3,7,235,723,70019,2,545,14.806
20,60,1,3,1,1,1,3,1,2,0,1,0,0,3,413,EAE61081701,2,3.1,1.6,1.63,8.0848,235,0,0,0,0,-92.8,106,-90,140.882362274346,8,4,4,1,3,5000,2,1,5,2,7,235,722,70022,1,546,14.806
20,60,1,3,1,1,1,3,1,2,0,1,0,0,3,594,EAE64301601,2,3.1,1.6,1.7,8.432,235,240,0,0,0,-82,49.15,180,95.6018959017027,8,4,4,1,3,5000,3,1,7,12,5,235,514,50017,2,547,14.697
20,60,1,3,1,1,1,3,1,2,0,1,0,0,3,594,EAE64301601,2,3.1,1.6,1.7,8.432,235,240,0,0,0,-59.2,49.95,180,77.4573592371958,8,4,4,1,3,5000,4,1,4,12,5,235,514,50017,2,548,14.697
20,60,1,3,1,1,1,3,1,2,0,1,0,0,3,1236,EAM62153901,2,2.93,1.4,1,4.102,235,0,0,0,0,-88.8,21.15,180,91.2839662810507,8,4,4,1,3,5000,3,1,4,14,5,235,516,50018,2,549,14.697
20,60,1,3,1,1,1,3,1,2,0,1,0,0,3,1236,EAM62153901,2,2.93,1.4,1,4.102,235,0,0,0,0,-88.8,18.85,180,90.7786456166867,8,4,4,1,3,5000,4,1,14,14,5,235,516,50018,2,550,14.697
20,60,1,3,1,1,1,3,1,2,0,1,0,0,3,1800,EAP33701603,7,2.74,1.5,1,4.11,235,0,0,0,0,-37.8,151.05,-90,155.707875523366,8,4,4,1,3,5000,5,1,16,1,5,235,521,50011,1,551,14.697
20,60,1,3,1,1,1,3,1,2,0,1,0,0,3,365,0TRRH80005A,18,2.9,2.16,1.1,6.8904,235,0,0,0,0,-54.7,98.05,-90,112.275965816376,8,4,4,1,3,3000,3,1,6,4,7,235,724,70020,2,552,14.806
20,60,1,3,1,1,1,3,1,2,0,1,0,0,3,1797,EAP31684701,2,3.23,2,2,12.92,240,0,0,0,0,-52.45,80.8,0,96.3309010650269,8,4,6,1,3,5000,3,1,1,1,7,240,721,70017,2,553,14.806
20,60,1,3,1,1,1,3,1,2,0,1,0,0,3,411,EAE60364701,15,3.35,2.91,2.5,24.37125,1002,240,0,0,0,-122.2,157.75,-90,199.544236950106,8,4,4,1,3,2000,4,3,6,1,7,240,721,70021,2,554,14.806
20,60,1,3,1,1,1,3,1,2,0,1,0,0,3,411,EAE60364701,15,3.35,2.91,2.5,24.37125,1002,240,0,0,0,-135,87.35,180,160.794970381539,8,4,4,1,3,2000,2,2,4,5,7,240,711,70021,2,555,14.806
20,60,1,3,1,1,1,3,1,2,0,1,0,0,3,411,EAE60364701,15,3.35,2.91,2.5,24.37125,1002,240,0,0,0,-75.5,70.35,180,103.195796910533,8,4,4,1,3,2000,3,2,7,6,7,240,712,70021,2,556,14.806
20,60,1,3,1,1,1,3,1,2,0,1,0,0,3,411,EAE60364701,15,3.35,2.91,2.5,24.37125,1002,240,0,0,0,-71.7,70.95,-90,100.870176464602,8,4,4,1,3,2000,3,3,2,5,7,240,711,70021,2,557,14.806
20,60,1,3,1,1,1,3,1,2,0,1,0,0,3,562,EAE63722001,2,3.2,2.5,2.5,20,240,1002,0,0,0,-104.3,26.95,-90,107.725542467885,8,4,4,1,3,2000,2,1,3,3,8,1002,813,80020,1,558,15.499
20,60,1,3,1,1,1,3,1,2,0,1,0,0,3,411,EAE60364701,15,3.35,2.91,2.5,24.37125,1002,240,0,0,0,-52.45,83.9,180,98.9455026769787,8,4,4,1,3,2000,4,4,5,5,7,240,711,70021,2,559,14.806
20,60,1,3,1,1,1,3,1,2,0,1,0,0,3,1401,EAN62952501,27,2.84,3,0.82,6.9864,240,235,1002,0,0,-54.7,91.45,90,106.560745586731,12,8,10,1,3,1000,5,4,5,3,7,235,723,70013,0,560,14.806
20,60,1,3,1,1,1,3,1,2,0,1,0,0,3,1401,EAN62952501,27,2.84,3,0.82,6.9864,240,235,1002,0,0,-75,66.55,-90,100.269150290605,12,8,10,1,3,1000,5,5,7,2,7,235,722,70013,0,561,14.806
20,60,1,3,1,1,1,3,1,2,0,1,0,0,3,1401,EAN62952501,27,2.84,3,0.82,6.9864,240,235,1002,0,0,-85.7,53.15,0,100.843504996604,12,8,10,1,3,1000,5,3,3,4,7,235,724,70013,0,562,14.806
20,60,1,3,1,1,1,3,1,2,0,1,0,0,3,1322,EAN57460901,18,2.9,2.4,1.2,8.352,1001,235,0,0,0,-85.3,140.25,-90,164.152832750458,8,4,4,1,3,3000,5,1,13,3,5,235,523,50012,1,563,14.697
20,60,1,3,1,1,1,3,1,2,0,1,0,0,3,1822,EAP61948301,2,2.5,2.6,1.85,12.025,235,240,0,0,0,-33,162.15,180,165.473932992481,8,4,4,1,3,2000,2,1,13,14,5,235,516,50015,2,564,14.697
20,60,1,3,1,1,1,3,1,2,0,1,0,0,3,2111,EAW62264001,23,3.2,2.48,1,7.936,235,0,0,0,0,-100.4,111.15,0,149.781449118374,8,4,4,1,3,5000,2,1,11,12,5,235,514,50014,2,565,14.697
20,60,1,3,1,1,1,3,1,2,0,1,0,0,3,2148,EAW64254902,23,3,2.1,0.8,5.04,240,235,1001,0,0,-61.9,113.15,180,128.974929734426,8,4,4,1,2,1000,2,1,16,10,5,235,512,50013,2,566,14.697
20,60,1,3,1,1,1,3,1,2,0,1,0,0,3,1351,EAN62213801,27,3,3,0.82,7.38,240,235,0,0,0,-96.7,29.55,90,101.114254682512,8,4,6,1,3,1000,2,1,8,1,7,240,721,70021,1,567,14.806
20,60,1,3,1,1,1,3,1,2,0,1,0,0,3,1817,EAP61829301,2,3.1,2.5,0.85,6.5875,240,1002,0,0,0,-80.4,72.75,180,108.428421089676,8,4,4,1,3,2000,2,2,2,6,7,240,712,70022,2,568,14.806
20,60,1,3,1,1,1,3,1,2,0,1,0,0,3,1349,EAN62047103,27,5.2,3.02,0.87,13.66248,1002,240,0,0,0,-73,61.95,-90,95.743420139454,12,8,10,1,3,1000,5,1,6,6,7,240,712,70007,0,569,14.806
20,60,1,3,1,1,1,3,1,2,0,1,0,0,3,1842,EAP62546701,2,3.01,1.14,1.8,6.17652,235,0,0,0,0,-41.8,147.35,180,153.164168459859,8,4,4,1,3,5000,2,1,14,13,5,235,515,50015,1,570,14.697
20,60,1,3,1,1,1,3,1,2,0,1,0,0,3,1839,EAP62527001,2,2.99,1.18,1.8,6.35076,235,0,0,0,0,-31.7,150.45,-90,153.75334955701,8,4,4,1,3,5000,2,1,15,11,5,235,513,50014,1,571,14.697
20,60,1,3,1,1,1,3,1,2,0,1,0,0,3,1840,EAP62527201,2,2.98,2.52,2,15.0192,235,0,0,0,0,-56.2,112.35,-90,125.622300966031,8,4,4,1,3,5000,3,1,10,13,5,235,515,50018,1,572,14.697
20,60,1,3,1,1,1,3,1,2,0,1,0,0,3,1840,EAP62527201,2,2.98,2.52,2,15.0192,235,0,0,0,0,-52.8,112.35,-90,124.138481141022,8,4,4,1,3,5000,4,1,6,13,5,235,515,50018,1,573,14.697
20,60,1,3,1,1,1,3,1,2,0,1,0,0,3,103,0DSKE00048A,8,4.8,1.55,2,14.88,235,1002,240,0,0,-85.2,77.45,-90,115.141402197472,12,4,7,1,3,3000,3,1,1,3,8,1002,813,80023,0,574,15.499
20,60,1,3,1,1,1,3,1,2,0,1,0,0,3,103,0DSKE00048A,8,4.8,1.55,2,14.88,235,1002,240,0,0,-59.55,52.65,180,79.4872631306425,12,4,7,1,3,3000,5,1,1,3,8,1002,813,80023,0,575,15.499
20,60,1,3,1,1,1,3,1,2,0,1,0,0,3,103,0DSKE00048A,8,4.8,1.55,2,14.88,235,1002,240,0,0,-89.7,29.85,0,94.5363025509248,12,4,7,1,3,3000,1,2,2,3,8,1002,813,80023,0,576,15.499
20,60,1,3,1,1,1,3,1,2,0,1,0,0,3,359,0TR118809AC,16,3.95,4.6,1.45,26.3465,235,1002,0,0,0,-135.7,101.35,-90,169.370341264343,12,8,10,1,3,500,5,6,2,7,7,235,713,70015,0,577,14.806
20,60,1,3,1,1,1,3,1,2,0,1,0,0,3,1221,EAM57567701,18,3.6,5,2.65,47.7,1002,240,0,0,0,-86.9,131.15,90,157.327468993816,12,8,10,1,3,3000,4,1,2,3,8,1002,813,80022,0,578,15.499
20,60,1,3,1,1,1,3,1,2,0,1,0,0,3,1340,EAN61151501,18,4.73,6.08,1.7,48.88928,240,1002,0,0,0,-76.75,148.95,-90,167.560929216808,12,8,10,1,3,500,1,1,8,5,7,240,711,70009,0,579,14.806
20,60,1,3,1,1,1,3,1,2,0,1,0,0,3,1680,EAN66319001,18,5.84,6.34,1,37.0256,1002,240,0,0,0,-93.75,145.95,90,173.466034139252,12,8,10,1,2,500,1,2,6,1,7,240,721,70014,0,580,14.806
20,60,1,3,1,1,1,3,1,2,0,1,0,0,3,2792,EBK61232301,18,5,6,1.6,48,1002,240,0,0,0,-78.2,54.55,-90,95.3464341231491,12,8,10,1,3,500,5,3,8,1,7,240,721,70010,0,581,14.806
20,60,1,3,1,1,1,3,1,2,0,1,0,0,3,2792,EBK61232301,18,5,6,1.6,48,1002,240,0,0,0,-53.7,27.95,-90,60.5383556103071,12,8,10,1,3,500,1,1,2,6,7,240,712,70010,0,582,14.806
20,60,1,3,1,1,1,3,1,2,0,1,0,0,3,1811,EAP60912502,7,6.29,5.9,5.8,215.2438,185,1003,0,0,0,-40.5,158.15,180,163.253399658323,16,12,5,1,3,1000,2,2,2,2,8,1003,812,80021,0,583,15.499
20,60,1,3,1,1,1,3,1,2,0,1,0,0,3,1498,EAN64746301,14,9.5,6.435,2.3,140.60475,1002,240,0,0,0,-82.5,26.3,90,86.5906461461052,16,8,11,1,3,5000,5,2,4,5,7,240,711,70008,0,584,14.806
20,60,1,3,1,1,1,3,1,2,0,1,0,0,3,1778,EAN66486001,18,9.67,5.87,1.75,99.335075,1002,240,0,0,0,-67.1,52.75,-90,85.3520503561572,24,8,20,1,2,2000,4,1,2,6,7,240,712,70011,0,585,14.806
20,60,1,3,1,1,1,3,1,2,0,1,0,0,3,1527,EAN65090801,27,8.85,8.85,1.4,109.6515,1003,0,0,0,0,-99.2,120.85,180,156.35012791808,200,200,49,2,2,1,4,2,1,2,8,1003,812,81001,1,586,15.499
20,60,1,3,1,1,1,3,1,2,0,1,0,0,3,1115,EAH62333601,16,15.69,10.08,5,790.776,1003,0,0,0,0,-66.7,25.75,0,71.4979195501519,24,16,3,1,3,500,1,1,1,2,8,1003,812,80018,0,587,15.499
20,60,1,3,1,1,1,3,1,2,0,1,0,0,3,1641,EAN66127702,19,26,25.96,1.5,1012.44,1005,0,0,0,0,-64.9,131.85,90,146.957247184343,200,200,49,2,2,1,2,3,1,1,8,1005,811,81002,1,588,15.499
